Column1,tweet_dt,id,username,name,tweet,like_count,reply_count,retweet_count,retweeted,Sentiment,Emotion,Column2
0,13/08/2021,1.42617E+18,PaulTSimonson2,Paul T Simonson,They don’t talk about it because they’re not biohazard‘s because there’s no biohazards ! If there was biohazard in…,0,0,0,FALSE,Negative,Fear,
1,13/08/2021,1.42617E+18,handymanoldturk,Russ Turk,So now we know why 3 drug  companies found a vaccine cure simultaneously. Did Fauci give them the go ahead?,0,0,0,FALSE,Negative,Anger,
2,13/08/2021,1.42617E+18,jlz0z,Locke,Pfizer-BioNTech raised the storage temperature of their vaccine from -80C to -25 to -15C …,0,0,0,FALSE,Neutral,Neutral,
3,13/08/2021,1.42617E+18,Faerie_Blossoms,Jade ? 21,I’ve had both doses of the Pfizer.,0,0,0,FALSE,Neutral,Neutral,
4,13/08/2021,1.42617E+18,DrMichelleJesse,"Michelle Jesse, PhD, FAST",This is what we should be arguing about: Team Pfizer or Team Moderna!,0,0,0,FALSE,Neutral,Neutral,
5,13/08/2021,1.42617E+18,GazWatty1,Gary #KBF ?? ???? We're in a fight for survival,"Remember, the money comes from us. From tax...... 

RTE: Pfizer, Moderna could reap billions from booster shots.…",0,0,0,FALSE,Negative,Anger,
6,13/08/2021,1.42617E+18,YorkParamedics,York Paramedics,Residents of  don't miss your opportunity to get your first or second dose of the Pfizer vaccine toda…,0,0,0,FALSE,Positive,Joy,
7,13/08/2021,1.42617E+18,ellisabbethh,Liz Harvey,"Modern and Pfizer are both privately owned biotechnology companies in Cambridge, MA",0,0,0,FALSE,Positive,Nuetral ,
8,13/08/2021,1.42617E+18,JimmyInYourFace,Jimmy,Nothing is free.  And the big pharmaceutical companies like Pfizer don't give a DAMN about you or me…,0,0,0,FALSE,Negative,Anger,
9,13/08/2021,1.42617E+18,DEANGOTRAILED,???? ?????? ???????? ?????? ????????,//if my activity today on dean and jacob is flaky its because i just got dose 2 and pfizer is kicking my ass ??,0,0,0,FALSE,Negative,Surprise,
10,13/08/2021,1.42617E+18,Microbedoc2,Jamie Murphy,The only little prick I got excited about was Pfizer.,0,0,0,FALSE,Neutral,Neutral,
11,13/08/2021,1.42617E+18,trojax88,Rob ???? ??????????????,"2nd Pfizer jab received, but still no 5G on my phone. 
Should I call Pfizer's manager and demand a refund?",0,0,0,FALSE,Neutral,Surprise,
12,13/08/2021,1.42617E+18,denverpost,The Denver Post,U.S. regulators on Thursday said transplant recipients and others with severely weakened immune systems can get an…,0,0,0,FALSE,Neutral,Neutral,
13,13/08/2021,1.42617E+18,Mawashigeri3,Mawashigeri,I am honestly worried about the current minister of health the guy has come out to say even a single dos…,0,0,0,FALSE,Negative,Fear,
14,13/08/2021,1.42617E+18,Jayyy_Dwyer,D?y?r,Pfizer the only vaccine recommended for kids 12+,0,0,0,FALSE,Positive,Surprise ,
15,13/08/2021,1.42617E+18,GazWatty1,Gary #KBF ?? ???? We're in a fight for survival,"Yeah, but they're doing this for our health right? 

RTE: Pfizer, Moderna could reap billions from booster shots.…",0,0,0,FALSE,Neutral,Neutral,
16,13/08/2021,1.42617E+18,CaseyJoThompson,Casey Jo,I got it and am breastfeeding. Didn’t affect my supply at all! My pediatrician also told me that my…,0,0,0,FALSE,Positive,Joy,
17,13/08/2021,1.42617E+18,jos_90,josleene ????????,"Kara, I had Moderna and most of people in Ticino had it (except for those who chose Pfizer). I guess you got the right shot...",0,0,0,FALSE,Neutral,Neutral,
18,13/08/2021,1.42617E+18,AsapJerg,CJ,People love making Pfizer billions of dollars,0,0,0,FALSE,Neutral,Neutral,
19,13/08/2021,1.42617E+18,PragmaticInOz,A pragmatic in Oz,I thought they would get Pfizer? Not much more than 3% of the population is Abo…,0,0,0,FALSE,Neutral,Neutral,
20,13/08/2021,1.42617E+18,slay1215,Where's the Kraken,Wonder where we would be right now if Ron owned Pfizer stock?,0,0,0,FALSE,Neutral,Neutral,
21,13/08/2021,1.42617E+18,RFodar,RanFodar,"In that respect sir, antivaxxers should be glad that the primary vaccine distributed in the PH (Sino…",0,0,0,FALSE,Neutral,Neutral,
22,13/08/2021,1.42617E+18,ChadBown,Chad Bown,Boosters: FDA amends emergency use authorizations for the Pfizer &amp; Moderna vaccines to allow some severely immunoco…,3,0,1,FALSE,Neutral,Neutral,
23,13/08/2021,1.42617E+18,Renee5point0,Renee Kessel,When my doctor/hospital holds the  title f…,0,0,0,FALSE,Neutral,Neutral,
24,13/08/2021,1.42617E+18,JournalistMac,Mac ????????,What’s the point in mandating vaccines at this point when Pfizer and J&amp;J are less than 50% effective to current str…,0,0,0,FALSE,Neutral,Neutral,
25,13/08/2021,1.42617E+18,hamenahaa,Lincoln Bruce,I don't know when this damn epidemic will end,0,0,0,FALSE,Negative,Sadness ,
26,13/08/2021,1.42617E+18,WHYYNews,WHYY News,#NEW: The FDA has authorized an extra dose of the Pfizer or Moderna COVID-19 vaccines for those who are immunocompr…,0,0,0,FALSE,Neutral,Neutral,
27,13/08/2021,1.42617E+18,Edmund4Texas,Free Man,???? Why would anyone purposely decrease your natural immunity? Unless they wanted to keep you sick to sell more drug…,1,0,0,FALSE,Negative,Fear,
28,13/08/2021,1.42617E+18,mftkate,Kate,I got a Pfizer booster last weekend after receiving the J&amp;J shot in March. Not immune compromised just…,0,0,0,FALSE,Neutral,Neutral,
29,13/08/2021,1.42617E+18,GSahathevan,GSahathevan,"Gladys Berejiklian's daily exhortation to get jabbed because even one jab prevents transmission is ""experimental"" -…",0,0,0,FALSE,Neutral,Neutral,
30,13/08/2021,1.42617E+18,tpwktbslsv6,Elisa ??,waiting for my Pfizer boobs now ?????,0,0,0,FALSE,Positive,Joy,
31,13/08/2021,1.42617E+18,LoriBova,Lori Bova,"CDC: All pregnant persons should be get a COVID vaccine. 

Former Pfizer exec: Pregnant, childbearing age women sho…",0,0,0,FALSE,unknown,unknown,
32,13/08/2021,1.42617E+18,ThirstQuencher9,#,"If two doses of Pfizer or Moderna didn't do anything for the immunocompromised , a third dose won't do anyt…",0,0,0,FALSE,Positive,Neutral,
33,13/08/2021,1.42617E+18,Statele54469343,Stateless,"and what about dying of covid when you’re second dose  vaccinated?
And can someone accuse Pfizer or M…",0,0,0,FALSE,Neutral,Neutral,
34,13/08/2021,1.42617E+18,jennife09626188,jennifer skinner,OK so Dr Young has yet again said today they Pfizer jabs are given 3 weeks apart. Q,0,0,0,FALSE,Neutral,Neutral,
35,13/08/2021,1.42617E+18,reveriefrance,reveriefrance,In Israel 85% of those hospitalized are vaxed. The jab was never safety tested on pregnant women. In fa…,0,0,0,FALSE,Neutral,Neutral,
36,13/08/2021,1.42617E+18,Shan_Feld,Shannon Brown,J&amp;J booster has not been approved for EUA yet. Not sure where things stand with the process for it. And P…,0,0,0,FALSE,Negative,Neutral,
37,13/08/2021,1.42617E+18,talissafloriani,Talissa Floriani,"I couldn't be more excited! I Just got my first dose ??????
#Covid_19 #VivaAciencia #VaccinesSaveLives #tapassada…",0,0,0,FALSE,Positive,Joy,
38,13/08/2021,1.42617E+18,EnlightenedChic,Enlightened Chica,It proves that the vaccines aren't as safe as you think and Pf…,0,0,0,FALSE,Negative,Fear,
39,13/08/2021,1.42617E+18,m_stevenson78,Mark Stevenson,"I am buying stock in Pfizer and Moderna today, I should have done this a year ago ???????",0,0,0,FALSE,Positive,Neutral,
40,13/08/2021,1.42617E+18,BarnabyTheLucid,BarnabusTheLucid,"Pfft what? ""Scared of everything""?? ? I'm living life like normal.  Y…",0,0,0,FALSE,Neutral,Neutral,
41,13/08/2021,1.42617E+18,NCLCCGIslington,NHS North Central London CCG – Islington,You can get your #CovidVaccine at North Library's walk-in Pfizer vaccination clinic today between 3-7pm and Sat 14…,0,0,0,FALSE,Positive,Neutral,
42,13/08/2021,1.42617E+18,annalaznbaby,anna,Jk I got Pfizer,0,0,0,FALSE,Positive,Joy,
43,13/08/2021,1.42617E+18,CarlosdelRio7,Carlos del Rio,As I see ??in #Covidvaccinations with #Deltasurge I remind people that if you get your first shot today of,15,0,4,FALSE,Neutral,Neutral,
44,13/08/2021,1.42617E+18,janemdiago,Bulkley Janeen,"#LERONLIMAB SAVES LIVES  ??!THE  ONE THAT WORKS  ON COVID-19! Look at how fast they can move when they want OK now ,…",0,0,0,FALSE,Neutral,Neutral,
45,13/08/2021,1.42617E+18,BanDaviK,BanDaviK,The FDA has okayed giving a third dose of the Pfizer and Moderna Covid-19 vaccines to certain people with weakened…,0,0,0,FALSE,Positive,Neutral,
46,13/08/2021,1.42617E+18,Liangdickdick,??,"Fully Vaccinated ??

#2DoseDone #Pfizer",0,0,0,FALSE,Positive,Jou,
47,13/08/2021,1.42617E+18,_NillaWiffle_,Brand_E ??? Wishing on better days??,"Oh really??? I got Pfizer back in April, so I thought a Moderna 'booster' might just give some extra pro…",0,0,0,FALSE,Positive,Surprise,
48,13/08/2021,1.42617E+18,ajphelo,Andrew J Phelan,You can’t beat Pfizer Palacechook for empathy and compassion,1,0,1,FALSE,Neutral,Neutral,
49,13/08/2021,1.42617E+18,CoronaryDoc,Parham Eshtehardi MD,"2/x
Cohort:

16 US hospitals ???? ??

63 pts &lt;21 yrs w/ #myocarditis following #COVID19 vaccine (Pfizer-BioNTech or Mo…",0,0,0,FALSE,Neutral,Neutral,
50,13/08/2021,1.42617E+18,World_polyps,World_Polyptics,Breaking Nicety: The FDA is expected to authorize a third shred of the Pfizer and Moderna vaccines as soon as Thurs…,0,0,0,FALSE,Positive,Joy,
51,13/08/2021,1.42617E+18,EugeneDimitrief,Gene Dimitrieff,#Pfizer sells its vaccine and advocates for its usage while mandates little of its employees. I guess #science pays…,0,0,0,FALSE,Negative,Surprise,
52,13/08/2021,1.42617E+18,Sindylightsky,Sindy,"Trini humour.
Pfizer not bad. Fyzabad. The confusion
#Pfizer #trinidadandtobago #CovidVaccine",1,0,0,FALSE,Neutral,Neutral,
53,13/08/2021,1.42617E+18,USNMedicineCRNP,U.S. Navy Nurse Practitioner (ret.),"Hey  thanks for the follow

I don't know if you remember, but I met you at Jackson Memorial w…",0,0,0,FALSE,Neutral,Neutral,
54,13/08/2021,1.42617E+18,itsmcqueeb,McQueeb,"Okay gonna get a few hours before vaccine shot round 2!

Where’s my Pfizer crew at?",3,0,0,FALSE,Positive,Joy,
55,13/08/2021,1.42617E+18,BeetleBMD,????Beetle & Bailey????,Grandpa has the best lines!!!,0,0,0,FALSE,Positive,Joy,
56,13/08/2021,1.42617E+18,murigimuraya,Baba Soba,"Drugmakers Pfizer, BioNTech and Moderna are expected to reap billions of dollars from Covid-19 booster s…",0,0,0,FALSE,Negative,Surprise,check
57,13/08/2021,1.42617E+18,rosieanaberry,Ani ???,My GP texted saying they’re out of Pfizer vaccines ??,0,0,0,FALSE,Negative,Fear,
58,13/08/2021,1.42617E+18,luvlytica,??,"it's okay it's only fizzer, i want pfizer ??",0,0,0,FALSE,Positive,Joy,
59,13/08/2021,1.42617E+18,TheAdvocateIsIn,The Advocate Is In,The #FDA has authorized a #boostervaccine dose for immune compromised individuals. #chronicillness #covidvaccine…,0,0,0,FALSE,Positive,Neutral,
60,13/08/2021,1.42617E+18,fredwalton216,fred walton,"27) Pfizer, BioNTech &amp; Moderna expected to make billions from Covid-19 booster shots. A growing list of gov’ts, inc…",0,0,0,FALSE,Positive,Joy,
61,13/08/2021,1.42617E+18,KA_Bhuvana,BhuvanaKA,"Currently, I'm building amazing products for accelerating clinical trials  A notable one is the Covid…",0,0,0,FALSE,Positive,Joy,
62,13/08/2021,1.42617E+18,Renee5point0,Renee Kessel,It's selfish to trust   promoted the sale of Bextr…,0,0,0,FALSE,Neutral,Neutral,
63,13/08/2021,1.42617E+18,TomRumCom,Tommy craic corn,I got double jabbed with the #Pfizer and the #Moderna just to be on the safe side! The next week I'm off to Russia to get the aul #SputnikV,0,0,0,FALSE,Positive,Joy,
64,13/08/2021,1.42617E+18,CKaller,Christian Kaller,Another study from UK (Com-Cov 1) found no advantage o…,0,0,0,FALSE,Negative,Anger,
65,13/08/2021,1.42617E+18,USNewsLabOnline,USA News Lab,"COVID booster shots: There are enough Pfizer, Moderna vaccines",0,0,0,FALSE,Positive,Joy,
66,13/08/2021,1.42617E+18,C_Rich75,Onyx Paradigm????????????,Cashing in on a pandemic.,3,0,2,FALSE,Positive,Joy,
67,13/08/2021,1.42617E+18,commentoniowa,Comments on Iowa,"Pfizer, Moderna seen reaping billions from COVID-19 vaccine booster market.
.
Should they pay back all federal aid?…",0,0,0,FALSE,Negative,Anger,
68,13/08/2021,1.42617E+18,genericparts,GenericParts Service,"Pharmaceutical Firms Rake in Billions with COVID Jabs 
Pfizer, a top vaccine seller, made more than $10 billion on…",0,0,0,FALSE,Positive,Joy,
69,13/08/2021,1.42617E+18,Jlee62mcs,Harper Lee & Mom,Best line in a while! ????????,0,0,0,FALSE,Positive,Joy,
70,13/08/2021,1.42617E+18,kristeeyy,Kristy Bayley,Dr Cahill gives the injected 3 years. It’s a depopulation program. Dr Jane Ru…,4,0,3,FALSE,Negative,Fear,
71,13/08/2021,1.42617E+18,doctorvasan,vasan,Data from South African Sisonke study (on the effectiveness of the JNJ vaccine) re-affirms #Novavax 2373 superior e…,0,0,0,FALSE,Neutral,Neutral,
72,13/08/2021,1.42617E+18,sharimanmaarof,shariman maarof,My 23 yo son is bound for Germany for TVET studies on 1st Sept. He has yet to receive…,0,0,0,FALSE,Negative,Surprise,
73,13/08/2021,1.42617E+18,WGXAnews,WGXA,VACCINE BOOSTER: The  has approved an extra dose of the #Pfizer or #Moderna #COVID19 vaccines for transplant…,0,0,0,FALSE,Positive,Joy,
74,13/08/2021,1.42617E+18,kevkoep,Kevin Koepnick,Do you suppose she knows about ISU’s work with COVID testing and vaccination; or UI’s participation in…,0,0,0,FALSE,Neutral,Neutral,
75,13/08/2021,1.42617E+18,derek_pfizer_iv,cousin garg,"all caveats re:iq acknowledged, an avg of 78 is bonkers. if poor children are performing even worse, we have relega…",0,0,0,FALSE,Neutral,Neutral,
76,13/08/2021,1.42617E+18,Andelaine9,Andelaine,"No duh...
#stopthemaddness 
Pfizer, Moderna seen reaping billions from COVID-19 vaccine booster market",0,0,0,FALSE,Negative ,Anger,
77,13/08/2021,1.42617E+18,senoj_nager,Regan ??,It’s insane how all of this has been playing out. I got the Pfizer months ago and they told me they’re…,0,0,0,FALSE,Neutral,Neutral,
78,13/08/2021,1.42617E+18,adammgilbert911,Adam Gilbert,How  L&amp;D Leader Sean Hudson is helping to transform the organization through learning #PFEColleague,0,0,0,FALSE,Neutral,Neutral,
79,13/08/2021,1.42617E+18,gigi1943,Ginger Grant,Study finds Pfizer vaccine is only 42% effective,0,0,0,FALSE,Negative,Surprise,
80,13/08/2021,1.42617E+18,QPLNYC,Queens Public Library,We're partnering with the City to offer mobile #COVID19 vaccination services outside select QPL branches. Anyone 12…,3,0,1,FALSE,Positive,Joy,
81,13/08/2021,1.42617E+18,kaisun1982,Kane,"Singapore also had lockdown and their people didn't have to ""wait for Pfizer"". I will see if your predicti…",0,0,0,FALSE,Negative,Anger,
82,13/08/2021,1.42617E+18,jessica_wyman,Jessica Wyman,That's the one I'm leaning towards too. Still doing some research but mostly likely will go with pfizer.,0,0,0,FALSE,Positive,Joy,
83,13/08/2021,1.42617E+18,kaine_on,Thomas Kaine On Stocks...,Pfizer is my big winner this week.  Up over 5%.  typically I would take profits.  But I am going to hang on.  While…,0,0,0,FALSE,Positive,Joy,
84,13/08/2021,1.42617E+18,ControlGroup9,Control_Group,"Israel only used Pfizer...start there. USA, add Moderna &amp; JJ and I believe UK was Astra-Ze…",0,0,0,FALSE,Positive,Joy,
85,13/08/2021,1.42617E+18,rapplerdotcom,Rappler,"The second person was already fully jabbed with Sinovac vaccine at one of the city's inoculation hubs, then bragged…",2,0,1,FALSE,Negative,Anger,
86,13/08/2021,1.42617E+18,hastingsbc,Hastings Borough Council,"A vaccine pop-up clinic will also be at the St Leonards Festival from 12 noon - 6.30pm, so you can easily get your…",1,0,1,FALSE,Neutral,Neutral,
87,13/08/2021,1.42617E+18,parsingpeppers,Percocet Peppers ????,Me trying to get that pfizer shot at kensington primary,0,0,1,FALSE,Neutral,Neutral,
88,13/08/2021,1.42617E+18,LAUPHolland,LAUP,"LAUP VACCINE CLINIC

Please join us this Sunday, August 15 from 12pm to 3pm at BLVD. Church for a fun Family Fiesta…",0,0,0,FALSE,Positive,Joy,
89,13/08/2021,1.42617E+18,StLCountyDOH,St. Louis County DPH,Get vaccinated today! There will be a COVID-19 vaccine event today at St. Rose Philippine Duchesne from 9 am - 2 pm…,5,0,2,FALSE,Neutral,Neutral,
90,13/08/2021,1.42617E+18,randomjohntweet,John C,Just got my 2nd shot of pfizer,0,0,0,FALSE,Positive,Joy,
91,13/08/2021,1.42617E+18,sulcrow_,Sylkrå,"The fact, if proven, that the virus comes from a lab in wuhan rather than a bat (or whatever else) doesn’t make you…",0,0,0,FALSE,Negative,Anger,
92,13/08/2021,1.42617E+18,NHSKernow,NHSKernow,"Walk-in #CovidVaccine appointments available in #Newquay on Sunday!

You can also get your first dose Pfizer vaccin…",0,0,0,FALSE,Positive,Joy,
93,13/08/2021,1.42617E+18,DawnAintPlayin,Dawn Ain't Playin',"REPORT: Pfizer and Moderna Never Tested For Efficacy and Safety, Intentionally Lost Their Vaccine Control Group Dur…",0,0,0,FALSE,Negative,Anger,
94,13/08/2021,1.42617E+18,heidis1011,Heidi,"I only had a tiny bit of a sore arm after my 2nd Pfizer shot, it only lasted a day or so. The nurse…",1,0,0,FALSE,Positive,Joy,
95,13/08/2021,1.42617E+18,Jordan_Boersma,Jordan Boersma,"Initial research suggests yes, fortunately! 

Full details here:…",0,0,0,FALSE,Positive,Joy,
96,13/08/2021,1.42617E+18,BertrandBio,Bertrand Delsuc,"Pfizer, Moderna seen reaping billions from COVID-19 vaccine booster market 

Analysts forecast rev &gt;6.6b$ for $PFE…",1,0,1,FALSE,Negative,Anger,
97,13/08/2021,1.42617E+18,Courier_Tribune,The Courier-Tribune,The less than 3% of Americans who are severely immunocompromised should be able to get an extra dose of the Pfizer…,0,0,0,FALSE,Negative,Anger,
100,13/08/2021,1.42617E+18,TrialsiteN,TrialSite News,Delta Troubles? Retrospective Study Led by nference &amp; Mayo Clinic Reveals Pfizer COVID-19 Shot Only 42% Effective D…,1,0,1,FALSE,Negative,Fear,
101,13/08/2021,1.42617E+18,25NewsKXXV,25NewsKXXV,U.S. health regulators have authorized an extra dose of the Pfizer or Moderna COVID-19 vaccines in people with weak…,0,0,0,FALSE,,,
102,13/08/2021,1.42617E+18,Bhekisisa_MG,Bhekisisa,Which rare and severe side-effects have been associated with the #Pfizer and #JnJ vaccines? Find out how likely you…,1,0,1,FALSE,,,
103,13/08/2021,1.42617E+18,KTXS_News,KTXS News,"NEW: Immunocompromised Americans will be able to get a third shot of either of the mRNA vaccines, Pfizer or Moderna…",0,0,0,FALSE,,,
104,13/08/2021,1.42617E+18,joellehamilto10,Joelle Hamilton,Japan drop pfizer and turns to Ivermectin to treat COVID.,1,0,1,FALSE,,,
105,13/08/2021,1.42617E+18,CNYCentral,CNYCentral,U.S. regulators say transplant recipients and others with severely weakened immune systems can get an extra dose of…,0,0,0,FALSE,,,
106,13/08/2021,1.42617E+18,PrimeIndexes,Prime Indexes,"FDA Aiming To Give Final Approval To Pfizer Vaccine By Early Next Month:  

 #covid19…",0,0,0,FALSE,,,
107,13/08/2021,1.42617E+18,WesternHSCTrust,Western Trust,"?? Our first vaccination clinic for pregnant women starts TOMORROW

First jab Pfizer | No Appointment Necessary

?? 1…",1,0,2,FALSE,,,
108,13/08/2021,1.42617E+18,ILoveMCHD,MCHD,MCHD will offer COVID-19 vaccine at Dauphin Island Town Hall Building (1011 Bienville Boulevard) from 9 a.m. to noo…,2,0,2,FALSE,,,
109,13/08/2021,1.42617E+18,TasnimKhreiss,Tasnim,"Scientific tweet.
The FDA on Thursday authorized third doses of Pfizer-BioNTech’s and Moderna’s coronavirus vaccine…",7,0,0,FALSE,,,
110,13/08/2021,1.42617E+18,FasalMohamed1,Mush D Vagrant,If yuh child of age and yuh get a clearance from the doctor for them....let them take the Pfizer VACCINE....STOP LI…,1,0,0,FALSE,,,
111,13/08/2021,1.42617E+18,JohnGRizk,John G. Rizk,None reported from Pfizer. One case report for Moderna (see the…,0,0,0,FALSE,,,
112,13/08/2021,1.42617E+18,AppDistrictHD,AppHealthCare,Tomorrow! Get vaccinated to get $100 gift cards and protect yourself against COVID-19 and variants at Lost Province…,0,0,0,FALSE,,,
113,13/08/2021,1.42617E+18,NicodemusVI,Kevin wants a general strike ???,People who don’t trust our corrupt government or the 3 pharmaceutical companies whos…,0,0,0,FALSE,,,
114,13/08/2021,1.42617E+18,plusmoneyy,Uncle Zay,A few family member got Pfizer so that’s why I went with it...,0,0,0,FALSE,,,
115,13/08/2021,1.42617E+18,JeromeFahrer,Jerome Fahrer,"Pfizer tried to buy AstraZeneca in 2014 but didn’t make a good enough offer. In retrospect, it was just as well the…",2,0,0,FALSE,,,
116,13/08/2021,1.42617E+18,newsdwight,Dwight De Leon,"The second person was already fully jabbed with Sinovac vaccine at one of the city's inoculation hubs, then bragged…",1,0,0,FALSE,,,
117,13/08/2021,1.42617E+18,manilabulletin,Manila Bulletin News,JUST IN: Two individuals who have received a “booster” shot of COVID-19 vaccine have been charged in relation to CO…,20,0,6,FALSE,,,
118,13/08/2021,1.42617E+18,Ochsensepp1945,Josef Müller,"""Wakeup Call"": Pfizer Vax Only 42% Effective Against Infection In July | ZeroHedge",0,0,0,FALSE,,,
119,13/08/2021,1.42617E+18,Chessxn,Chessxn ???? still wearing a mask,shout out to the cute boy trying his hand at a lil comedy in the Pfizer queue #vaccineday,0,0,0,FALSE,,,
120,13/08/2021,1.42617E+18,Iceman99714417,Iceman,Focus.  Pfizer will bury the rest…. Clueless situation at best!!!!,0,0,0,FALSE,,,
121,13/08/2021,1.42617E+18,diannemando,"Dear Friend, Please get vaccinated.","You support anti-science seditionists.
Blocked.",0,0,0,FALSE,,,
122,13/08/2021,1.42617E+18,zaihedgwolf,zaihedgewolf,They did say Pfizer has strong side effects also don’t be surprised the CDC approved the 3rd vaccine,0,0,0,FALSE,,,
123,13/08/2021,1.42617E+18,naturecosmopol2,CZ ??,#NEWS #Friday13th  Pfizer and Moderna do not share on the scientific servers the results of the test…,0,0,0,FALSE,,,
124,13/08/2021,1.42617E+18,CafeMeringue,Cathy Moran,??I hope they are using these drugs now. That report was from last October…,0,0,0,FALSE,,,
125,13/08/2021,1.42617E+18,naturecosmopol2,CZ ??,#NEWS #Friday13th  Pfizer and Moderna do not share on the scientific servers the results of the test…,0,0,0,FALSE,,,
126,13/08/2021,1.42617E+18,Pixellbe,Pixel,Give me 1 good source that says GSK owns Pfizer.,0,0,0,FALSE,,,
127,13/08/2021,1.42617E+18,mbseppedrajas,Joseph Pedrajas,JUST IN: Two individuals who have received a “booster” shot of COVID-19 vaccine have been charged in relation to CO…,0,0,0,FALSE,,,
128,13/08/2021,1.42617E+18,Kirsten08667152,Kirsten Duncan,How  L&amp;D Leader Sean Hudson is helping to transform the organization through learning #PFEColleague,0,0,0,FALSE,,,
129,13/08/2021,1.42617E+18,hog_zone,?? HOG_ZONE ??,Filled TO BURSTING with pfizer's pfotion,3,0,0,FALSE,,,
130,13/08/2021,1.42617E+18,SVGNewsBot,Vincentian News Bot,#News: United States Government donates Pfizer vaccines to SVG  #svgnewsbot,0,0,0,FALSE,,,
131,13/08/2021,1.42617E+18,Det_Tigerfan13,Kris,I had Pfizer and the only side effects I experienced was some mild soreness in my arm and I was tired…,0,0,0,FALSE,,,
132,13/08/2021,1.42617E+18,XplicitMevon,XplicitMevon,"Anti vaxxers: I doh trust that vaccine nah, they rush it. It’s an experimental drug! 

Also anti vaxxers: if I hadd…",3,0,0,FALSE,,,
133,13/08/2021,1.42617E+18,gvravel,Fully Vaccinated Geraldo,"Yes, thank you.  I kept thinking that ""Even if these vaccine hesitant people get the vaccination n…",1,0,0,FALSE,,,
134,13/08/2021,1.42617E+18,rtk29235866,rtk,"In your paper ,the incidence of VITT is around 1 per 100?000 to 2…",0,0,0,FALSE,,,
135,13/08/2021,1.42617E+18,naturecosmopol2,CZ ??,#NEWS #Friday13th  Pfizer and Moderna do not share on the scientific servers the results of the test r…,0,0,0,FALSE,,,
136,13/08/2021,1.42617E+18,naturecosmopol2,CZ ??,#NEWS #Friday13th  Pfizer and Moderna do not share on the scientif…,0,0,0,FALSE,,,
137,13/08/2021,1.42617E+18,Tom12843024,Tom,"I did, I've had covid and I'd rather have it than…",0,0,0,FALSE,,,
138,13/08/2021,1.42617E+18,carlzimmer,Carl Zimmer,FDA authorizes third shot for the immunocompromised,8,0,4,FALSE,,,
139,13/08/2021,1.42617E+18,naturecosmopol2,CZ ??,#NEWS #Friday13th  Pfizer and Moderna do not share on the scientific servers the results of the test r…,0,0,0,FALSE,,,
140,13/08/2021,1.42617E+18,YazmineJimin,YazmineJ,"I work in a supermarket as a essential worker ..when is it our time to get vaccinated for the Pfizer..

L…",0,0,0,FALSE,,,
141,13/08/2021,1.42617E+18,QUINK,quink,ARRs tend to be ignored because they give a much less impressive effect size…,0,0,0,FALSE,,,
142,13/08/2021,1.42617E+18,naturecosmopol2,CZ ??,,0,0,0,FALSE,,,
143,13/08/2021,1.42617E+18,Hazelghast,???? Hazel ????,Left training at work (where I am not ????????out????????) to get my second COVID jab and I’m now really tempted to com…,5,0,0,FALSE,,,
144,13/08/2021,1.42617E+18,rogertreagus,roger treagus,General Frewen says vaccines are distributed to the States on a per capita basis. So how come SA can make Pfizer av…,0,0,0,FALSE,,,
145,13/08/2021,1.42617E+18,hchuddle,Healthcare Huddle ??,"“This small, vulnerable group may benefit from a third dose of the Pfizer-BioNTech or Moderna Vaccines” , says Dr.…",0,0,0,FALSE,,,
146,13/08/2021,1.42617E+18,RainMorgan33,Rain Morgan.?? Available for Digital Services!??,Ah yep gotcha. I had Pfizer so my sheet may have been different. Hmm. Ring the hotline if you are wor…,0,0,0,FALSE,,,
147,13/08/2021,1.42617E+18,donald_j_putin,Donald J. Putin,Pro tip: Pfizer and Moderna stocks will probably do very well.,2,0,0,FALSE,,,
148,13/08/2021,1.42617E+18,MrRogerDodger,NOT teddy from snowfall,"2 shots of AstraZeneca + a lil scoop of Pfizer at Xmas 

“Crehnn farrit”",3,0,0,FALSE,,,
149,13/08/2021,1.42617E+18,Ixagani,"Zack, XXIII.","Getting in line for a vaccination is hard enough, getting in line for Pfizer makes it harder",1,0,0,FALSE,,,
150,13/08/2021,1.42617E+18,real_jmcsomeone,Jack McSomeone,"My mum has had both doses of AZ and my dad, my sister and I have had our first doses of Pfizer",0,0,0,FALSE,,,
151,13/08/2021,1.42617E+18,michael_chorba,Reformed Smoker,"I almost reluctantly got the vaccine for travel purposes, but it made no difference with the airlines…",4,0,1,FALSE,,,
152,13/08/2021,1.42617E+18,kazxtora,ciel,i got pfizer ????,0,0,0,FALSE,,,
153,13/08/2021,1.42617E+18,dexteraps,#JanikaMallo R.I.P??,"I a Question for the #Vaxxed. Since #Pfizer &amp; Other Pharma Co. Have applied to administer 3rd Shot.

#SouthAfrica i…",0,0,0,FALSE,,,
154,13/08/2021,1.42617E+18,liviacomacento,Lívia,finally getting my pfizer BREASTS,7,0,0,FALSE,,,
155,13/08/2021,1.42617E+18,eugyppius1,bronze age eugyppius,Israeli Pfizer/BioNTech vaxx continue to be completely worthless against infection.,8,0,1,FALSE,,,
156,13/08/2021,1.42617E+18,rogue_corq,??????? VAXXED THO ??????????,"Yesterday had sniffles. Woke up with stuffy nose, but it went away. No other symptoms. Do I have Covid? (Pfizer vac…",0,0,0,FALSE,,,
157,13/08/2021,1.42617E+18,Ixagani,"Zack, XXIII.","They weren't kidding when they said these are hard times

Is this why Pfizer is hard to come by",1,0,0,FALSE,,,
158,13/08/2021,1.42617E+18,StacyElenbaas1,Stacy Elenbaas,Immuno-compromised people should get a 3rd vaccine. Moderna &amp; Pfizer. I’m totally ok with that. Even with my bad re…,0,0,0,FALSE,,,
159,13/08/2021,1.42617E+18,elyeathea,Ely an Neònach,"Boy, are you Pfizer?... because you stuck it in me twice and all I felt was a slight burning sensation, the need to…",14,0,0,FALSE,,,
160,13/08/2021,1.42617E+18,naturecosmopol2,CZ ??,#NEWS #Friday13th  Pfizer and Moderna do not share on the scientific servers the results of the te…,0,0,0,FALSE,,,
161,13/08/2021,1.42617E+18,erfbeeass,Tu Erfbeeass????,"Lily is 18 and gets her 2nd Pfizer next Thursday.
Ruby is 16 in 2 weeks.
Erin is 14 in October.",1,0,0,FALSE,,,
162,13/08/2021,1.42617E+18,drecwalsh,Emily Walsh,Here’s the specific language (Pfizer updated EUA),0,0,0,FALSE,,,
163,13/08/2021,1.42617E+18,naturecosmopol2,CZ ??,#NEWS #Friday13th  Pfizer and Moderna do not share on the scientific servers the results of…,0,0,0,FALSE,,,
164,13/08/2021,1.42617E+18,BrowsingJ,BrowsingJa,Be reminded that the US doesn't recognize Astra. Further…,1,0,0,FALSE,,,
165,13/08/2021,1.42617E+18,SFBSRRT,SFlaggBSRRT,Pfizer for me first one arm sore and second some flu like symptoms and then right as rain. I have aut…,0,0,0,FALSE,,,
166,13/08/2021,1.42617E+18,ChadHawley9,Chad Hawley,Biden Official Says New Study Is ‘Wake Up Call’ After Pfizer’s Efficacy Plummets to 42% as Delta Variant Takes Hold…,0,0,0,FALSE,,,
167,13/08/2021,1.42617E+18,naturecosmopol2,CZ ??,#NEWS #Friday13th  Pfizer and Moderna do not share on the s…,0,0,0,FALSE,,,
168,13/08/2021,1.42617E+18,FrancieJones,Frances Jones,"On a ""town hall"" call with  &amp;  the other night, a do…",0,0,0,FALSE,,,
169,13/08/2021,1.42617E+18,BOYCOTTJNLS,lilihugs s-worded era,now why did i read it as Pfizer ??,1,0,0,FALSE,,,
170,13/08/2021,1.42617E+18,chorsedad,Doc,This is stupid in light of Pfizer being only 42% effective against delta…we should start separating pe…,0,0,0,FALSE,,,
171,13/08/2021,1.42617E+18,NHSGreenwichCCG,NHS Greenwich CCG,"Passing through #Eltham this weekend? #DontMissYourVaccine
Mangal Pharmacy, 136A Well Hall Road, SE9 6SN is offerin…",0,0,0,FALSE,,,
172,13/08/2021,1.42617E+18,NHSGreenwichCCG,NHS Greenwich CCG,"Passing through #Thamesmead this weekend? #DontMissYourVaccine
First Care Pharmacy, Unit 6 Thames Reach, SE28 0NY i…",0,0,0,FALSE,,,
173,13/08/2021,1.42617E+18,iandodd4,ianmd1,So am I our Pfizer jabs came 3 weeks apart like they are supposed to in Spain. Everybody who can should have the jab.,0,0,0,FALSE,,,
174,13/08/2021,1.42617E+18,NHSGreenwichCCG,NHS Greenwich CCG,"Passing by #Greenwich Millennium Village this weekend? You can #GrabAJab. The Amal Pharmacy, is offering the…",0,0,0,FALSE,,,
175,13/08/2021,1.42617E+18,naturecosmopol2,CZ ??,#NEWS #Friday13th  Pfizer and Moderna do not share on the scientific servers the results of the test ro…,0,0,0,FALSE,,,
176,13/08/2021,1.42617E+18,kirbybabies,? ? Patty Evans ? ???????????,Go Second dose #Pfizer !?? See you later ! ??,1,0,0,FALSE,,,
177,13/08/2021,1.42617E+18,Samke_Dlodlo,Ma’Dlodlo,"Why are u encouraging people to vaccinate when these vaccines kill people, a healthy person vaccinat…",0,0,0,FALSE,,,
178,13/08/2021,1.42617E+18,naturecosmopol2,CZ ??,#NEWS #Friday13th  Pfizer and Moderna do not share on the scientific servers the results of the test r…,0,0,0,FALSE,,,
179,13/08/2021,1.42617E+18,anish1,anish,There'a a reason why Pfizer is everyone's favourite vaccine,0,0,0,FALSE,,,
180,13/08/2021,1.42617E+18,kraMjdelG,Mark Gle? ????????,"My neighbour nearly died from 2nd pfizer. Could hardly breathe, lungs filled with fluid (he…",0,0,0,FALSE,,,
181,13/08/2021,1.42617E+18,Renee5point0,Renee Kessel,"""The size and seriousness of this resolution, including the huge criminal fine of $1.3 billion, reflect the…",0,0,0,FALSE,,,
182,13/08/2021,1.42617E+18,_theOutpost_,_theOutpost_,"Follow the $.    :)

Pfizer, Moderna seen reaping billions from COVID-19 vaccine booster market | Reuters",0,0,0,FALSE,,,
183,13/08/2021,1.42617E+18,ohsouthlondon,Ben,"I was thinking of making some t-shirts that simply say “John Textor sold me Pfizer”. No story behind it whatsoever,…",0,0,0,FALSE,,,
184,13/08/2021,1.42617E+18,naturecosmopol2,CZ ??,#NEWS #Friday13th  Pfizer and Moderna do not share on the scientific servers the results of the test ro…,0,0,0,FALSE,,,
185,13/08/2021,1.42617E+18,ang12000,Ang,I went for my 1st dose of Pfizer vaccine on 2nd Aug at Mondeor Rec center Joburg admin by Gauteng de…,0,0,0,FALSE,,,
186,13/08/2021,1.42617E+18,TwiceHyoLeader,Netichi ?????? | ?? ??? ??,Ohh thats stronger than what I had. I had the Pfizer one and I just only couldn't move much my arm. Or m…,0,0,0,FALSE,,,
187,13/08/2021,1.42617E+18,KatlehoLs,Katleho Koenyama???? ????,"oabona hantse ko joetse hore Rona batlore foqa jNj, bona ba ikoalle Ka Pf…",0,0,0,FALSE,,,
188,13/08/2021,1.42617E+18,naturecosmopol2,CZ ??,#NEWS #Friday13th  Pfizer and Moderna do not share on the scient…,0,0,0,FALSE,,,
189,13/08/2021,1.42617E+18,HelloJenniferH,Jennifer,Day after Pfizer vaccine number 2 and I feel absolutely fine and dandy. Was expecting to feel terrible!…,1,0,0,FALSE,,,
190,13/08/2021,1.42617E+18,Lisa4OR1st,observer,"""recently reported waning efficacy w/ Moderna’s dropping to 93 percent effectiveness after six months and Pfizer’s…",0,0,0,FALSE,,,
191,13/08/2021,1.42617E+18,BertrandBio,Bertrand Delsuc,Pfizer $PFE chief Albert Bourla: ‘We are the most efficient vaccine machine’,2,0,0,FALSE,,,
192,13/08/2021,1.42617E+18,homelesman,Rodney Thompsonn,Peel Rapid Response and Paramedics personals running surveillance on for Ed Thompson for Stephen Harper Terrorism H…,0,0,0,FALSE,,,
193,13/08/2021,1.42617E+18,newsgang2,news in,"FDA authorizes third dose of Pfizer, Moderna shots for immunocompromised – POLITICO",0,0,0,FALSE,,,
194,13/08/2021,1.42617E+18,1galactus1,TERRIBLE TIM,"I love the idea, Pfizer has made enough money already, I'll take Regeneron in a flash.",0,0,0,FALSE,,,
195,13/08/2021,1.42617E+18,Ken_Congdon,Ken Congdon,"#COVID19 tracker: Lilly to require vaccines for U.S. workers; Elderly don't need boosters yet, Fauci says",0,0,0,FALSE,,,
196,13/08/2021,1.42617E+18,naturecosmopol2,CZ ??,#NEWS #Friday13th  Pfizer and Moderna do not share on the scientific servers the results of the…,0,0,0,FALSE,,,
197,13/08/2021,1.42617E+18,DavidLWindt,David Windt,"Ok, so vaccinated people are getting Covid and infecting unvaccinated people.

Ok, so the experts acknowledge the v…",5,0,3,FALSE,,,
198,13/08/2021,1.42617E+18,keith_caughran,Keith Caughran,"Pfizer ""believe a third dose of BNT162b2 has the potential to preserve the highest levels of protect…",0,0,0,FALSE,,,
199,13/08/2021,1.42617E+18,cuennnca,polah??,This girl is on pfizer ??,2,0,0,FALSE,,,
200,13/08/2021,1.42617E+18,calsiflower,julia ??,i didnt feel anything after my second dose but a lot of ppl w pfizer said the second dose was rly painf…,1,0,0,FALSE,,,
201,13/08/2021,1.42617E+18,naturecosmopol2,CZ ??,#NEWS #Friday13th  Pfizer and Moderna do not share on the scientific servers the result…,0,0,0,FALSE,,,
202,13/08/2021,1.42617E+18,PatriciaTobin54,PLTobin,My first shot was Pfizer. My 2nd was Moderna. Was mixing the vaccines a medical decision or decided by…,0,0,0,FALSE,,,
203,13/08/2021,1.42617E+18,upstractcom,Upstract News,Pfizer chief Albert Bourla: ‘We are the most efficient vaccine machine’ #pfizer #world #pharmaboss #vaccinemachine…,0,0,0,FALSE,,,
204,13/08/2021,1.42617E+18,AHimar33,AH33,Israel only has Pfizer. It appears the much higher dose that Moderna chose was the wise decision.,0,0,0,FALSE,,,
205,13/08/2021,1.42617E+18,EconAussie,AussieEcon,What about the people looking for Pfizer vaccine?,0,0,0,FALSE,,,
206,13/08/2021,1.42617E+18,naturecosmopol2,CZ ??,#NEWS #Friday13th  Pfizer and Moderna do not share on the scientific servers the results of the test rounds o…,0,0,0,FALSE,,,
207,13/08/2021,1.42616E+18,jennbick1,Jennifer Bick ??,4) My daughter is 20 now. Without hesitation she received Pfizer. We aren’t anti vax.,0,0,0,FALSE,,,
208,13/08/2021,1.42616E+18,naturecosmopol2,CZ ??,#NEWS #Friday13th  Pfizer and Moderna do not share on the scientific servers the results of the test ro…,0,0,0,FALSE,,,
209,13/08/2021,1.42616E+18,Jmoreno20,Juan Moreno,"If she calls the eligibility will be based on something different, the walk…",0,0,0,FALSE,,,
210,13/08/2021,1.42616E+18,naturecosmopol2,CZ ??,#NEWS #Friday13th  Pfizer and Moderna do not share on the scientific servers the results of the test…,0,0,0,FALSE,,,
211,13/08/2021,1.42616E+18,naturecosmopol2,CZ ??,#NEWS #Friday13th  Pfizer and Moderna do not share on the scientific servers the result…,0,0,0,FALSE,,,
212,13/08/2021,1.42616E+18,EuniceE62945638,"Liz, MD, MPH",,0,0,0,FALSE,,,
213,13/08/2021,1.42616E+18,naturecosmopol2,CZ ??,#NEWS #Friday13th  Pfizer and Moderna do not share on the scientific servers the results of the te…,0,0,0,FALSE,,,
214,13/08/2021,1.42616E+18,JamieWorkentin,Jamie Workentin,"So, ""free vaccine"" is a substance used to stimulate production of antibodie…",0,0,0,FALSE,,,
215,13/08/2021,1.42616E+18,true217,E A,#EU in #Covid panic as bloc investigates side-effects to #Pfizer and #Moderna jabs | World | News |…,0,0,0,FALSE,,,
216,13/08/2021,1.42616E+18,wccoradio,News Talk 830 WCCO,"Breaking: The  has determined that this small, vulnerable group may benefit from a third dose of the Pfizer…",1,0,1,FALSE,,,
217,13/08/2021,1.42616E+18,1patrickmcclain,Patrick McClain,"I got Pfizer on Apr 1 and May 1.  Blood type O, I had no side effects at all...literally nothing.",0,0,0,FALSE,,,
218,13/08/2021,1.42616E+18,keith_caughran,Keith Caughran,"Pfizer ""believe a third dose of BNT162b2 has the potential to preserve the highest levels of protective effi…",0,0,0,FALSE,,,
219,13/08/2021,1.42616E+18,GregLeding,Greg Leding,"Today!

JB Hunt is hosting a free vaccine clinic from 8:00a to 4:00p at its headquarters in Lowell. The event is op…",25,0,11,FALSE,,,
220,13/08/2021,1.42616E+18,Robsgirl7591,Carol Lawson,"My mom had a reaction at the injection site, with the Pfizer vax and her mouth broke out inside.  D…",0,0,0,FALSE,,,
221,13/08/2021,1.42616E+18,ImRetiredAtLast,John Burke,"REPORT: Pfizer and Moderna Never Tested For Efficacy and Safety, Intentionally Lost Their Vaccine Control Group Dur…",0,0,0,FALSE,,,
222,13/08/2021,1.42616E+18,PatHedger18,Patrick Hedger,It takes until the 10th and 11th paragraphs for the article to mention the new study was looking at people vaccinat…,2,0,1,FALSE,,,
223,13/08/2021,1.42616E+18,naturecosmopol2,CZ ??,#NEWS #Friday13th  Pfizer and Moderna do not share on the scientific servers the results of the te…,0,0,0,FALSE,,,
224,13/08/2021,1.42616E+18,blackboxfx,Sven S.-Der Malaka,"One of the most vaccinated nations in the world is a test case for how Delta will play out. So far, it’s not pretty…",0,0,0,FALSE,,,
225,13/08/2021,1.42616E+18,blamefitz,A Special Kinda Dotish,"The thing is Im not concerned with her wanting to wait for the AZ or Pfizer,I was angry at her say…",2,0,0,FALSE,,,
226,13/08/2021,1.42616E+18,naturecosmopol2,CZ ??,#NEWS #Friday13th  Pfizer and Moderna do not share on the scientific servers the results of the test ro…,0,0,0,FALSE,,,
227,13/08/2021,1.42616E+18,Voice4thevoice2,Voice4theV,How many of you are getting your kids prepped for the shot?,0,0,0,FALSE,,,
228,13/08/2021,1.42616E+18,HealthWWBerks,HealthWWBerks,"#HealthontheMove Vaccine Van is at  Calcot, Reading, Saturday (14th) &amp; Sunday (15th), 10am till 5pm, fo…",0,0,0,FALSE,,,
229,13/08/2021,1.42616E+18,Atr00Dr,yara band?,The FDA authorized third doses of Pfizer-BioNTech’s and Moderna’s Covid-19 vaccines for some pe…,0,0,0,FALSE,,,
230,13/08/2021,1.42616E+18,keith_caughran,Keith Caughran,"Pfizer ""believe a third dose of BNT162b2 has the potential to preserve the highest levels of protect…",0,0,0,FALSE,,,
231,13/08/2021,1.42616E+18,ianwhitmore,Ian Whitmore,"Currently listening to This is the Moderna Way, by the Pfizer Chiefs",0,0,0,FALSE,,,
232,13/08/2021,1.42616E+18,PMBY89,Anthems For a 30 Year Old Reply Guy,You are working off bad information; case efficacy has been reduced to 42% for Pfi…,0,0,0,FALSE,,,
233,13/08/2021,1.42616E+18,naturecosmopol2,CZ ??,#NEWS #Friday13th  Pfizer and Moderna do not share on the scientific servers the results of…,0,0,0,FALSE,,,
234,13/08/2021,1.42616E+18,Renee5point0,Renee Kessel,It's irrational and selfish not 2 trust the liars who gave us  approved #vioxx a…,0,0,0,FALSE,,,
235,13/08/2021,1.42616E+18,naturecosmopol2,CZ ??,#NEWS #Friday13th  Pfizer and Moderna do not share on the scientific servers the results of the te…,0,0,0,FALSE,,,
236,13/08/2021,1.42616E+18,PcEor,NOTWOKEorPCTed,Now the doc opened another can of worms. If the statements made about the Pfizer and Maderna vaccin…,0,0,0,FALSE,,,
237,13/08/2021,1.42616E+18,Hyper_Number,Hyper Number,Lets assume this comment was an…,0,0,0,FALSE,,,
238,13/08/2021,1.42616E+18,SolNataMD,"Natalia Solenkova, MD PhD","""For Pfizer and Moderna recipients alone, the Centers for Disease Control and Prevention estimates that 1.1 million…",13,0,6,FALSE,,,
239,13/08/2021,1.42616E+18,omarkhan80,omar,Hit me with that Pfizer 3 doc,0,0,0,FALSE,,,
240,13/08/2021,1.42616E+18,dicklauder,Dick Lauder,"Pfizer shots here.  First shot - mild headache, sore arm and fatigue for about 36 hours.  Second s…",0,0,0,FALSE,,,
241,13/08/2021,1.42616E+18,julesnewaddy,Tus nua!,Regeneron is 70% effective in preventing hospitalizations and deaths among the already inf…,3,0,0,FALSE,,,
242,13/08/2021,1.42616E+18,MerriwynMoon,Merri ????,"I got Pfizer. First shot, a little tenderness at the injection site for a couple of days.  second shot…",0,0,0,FALSE,,,
243,13/08/2021,1.42616E+18,PrettyMothaFckr,palm tree print boss,Yeah I remember seeing them talking about getting Pfizer and moderna shots but not w AZ. Thank you! Off to google I go,1,0,0,FALSE,,,
244,13/08/2021,1.42616E+18,lisaznola,Lisa,"Pfizer for both shots. After 1st one sore arm, a bit tired and achey but nothing too bad. 2nd shot nothing.",0,0,0,FALSE,,,
245,13/08/2021,1.42616E+18,Narsil01,ShardsOfNarsil,"Where is the #pandemic!?
Worldwide deaths this year.
Even flu is 3×#COVID deaths!
The pandemic is Bullshit WAKE UP!…",0,0,0,FALSE,,,
246,13/08/2021,1.42616E+18,HSimpsonone,Habby Simpsonone,"Martin Kulldorf got censored on Linkedin yesterday
Linkedin is owned by Bill Gates
Bill Gates is up to his eyeballs…",0,0,0,FALSE,,,
247,13/08/2021,1.42616E+18,TropicalFlair,H.E.Brown,"What vaccines were administered in Chile…were they the same three (Moderna, Pfizer or J&amp;J) that we…",1,0,0,FALSE,,,
248,13/08/2021,1.42616E+18,cityofhamilton,City of Hamilton,"Get vaccinated! Walk-in today for 1st or 2nd dose of Pfizer or Moderna at any of these locations. For clinic hours,…",10,0,13,FALSE,,,
249,13/08/2021,1.42616E+18,TomAdler,TomAdler #EndTheFilibuster,My husband and I have been vaccinated (Pfizer) and have had no side effects.,0,0,0,FALSE,,,
250,13/08/2021,1.42616E+18,Hot103Jamz,KPRS - Hot 103 Jamz,U.S. regulators said transplant recipients and others with severely weakened immune systems can get an extra dose o…,0,0,0,FALSE,,,
251,13/08/2021,1.42616E+18,TomBollyky,Tom Bollyky,"Concerns over efficacy of China's vaccines w/variants is driving use of boosters

SE Asia is turning toward Western…",3,0,0,FALSE,,,
252,13/08/2021,1.42616E+18,TomBollyky,Tom Bollyky,". just authorized 3rd doses of Pfizer &amp; Moderna vaccines for immunocompromised people

But it's not just wea…",3,0,4,FALSE,,,
253,13/08/2021,1.42616E+18,iamhaich,??,"Iran banned western vaccine company giant pfizer, has highest effeciency and successful rate for jabs protection. Y…",0,0,0,FALSE,,,
254,13/08/2021,1.42616E+18,HealthyCollier,FL Health Collier,"The FDA has approved Pfizer and Moderna vaccines for a booster, for those who are immunocompromised.

The CDC must…",0,0,0,FALSE,,,
255,13/08/2021,1.42616E+18,bouvier_abraham,Abraham Bouvier,Really kind of Pfizer to just give away millions of vaccines. Theyre doing all of this out of the go…,0,0,0,FALSE,,,
256,13/08/2021,1.42616E+18,UFNews,UF News,“Herd immunity to completely eradicate the virus is proving very challenging in large part due to the high number o…,0,0,0,FALSE,,,
257,13/08/2021,1.42616E+18,GregLeding,Greg Leding,"Today!

Fayetteville Public Schools ( is hosting a FREE Covid-19 vaccine clinic for Arkansans ages 12 and up…",14,0,7,FALSE,,,
258,13/08/2021,1.42616E+18,sweetcarmela75,Carmela Richards,My kids took the Pfizer vaccine and they had NO side effects and are FINE. I encourage all parents to take their ch…,17,0,8,FALSE,,,
259,13/08/2021,1.42616E+18,JamieWorkentin,Jamie Workentin,"I understand the words separately, what I am confused by is the phrase ""fre…",0,0,0,FALSE,,,
260,13/08/2021,1.42616E+18,burnett555,"C'mon man, you know the thing","Just get the stupid vaxx, people. It's your patriotic duty to see that Pfizer, Moderna, J&amp;J, and AZ make record pro…",0,0,0,FALSE,,,
261,13/08/2021,1.42616E+18,highplainz666,Reach Around,Not equally. I would say based on emerging data that Pfi…,0,0,0,FALSE,,,
262,13/08/2021,1.42616E+18,shellymarie19xx,Shelly-Let Your Light Shine ?? BLM - 59 y.o.,"This thread is a great explanation of how the mRNA (Pfizer, Moderna) vaccines work in plain English with appropriat…",1,0,0,FALSE,,,
263,13/08/2021,1.42616E+18,Miroa__03,Mireya??,"1a dosis ?
This girl is on pfizer",0,0,0,FALSE,,,
264,13/08/2021,1.42616E+18,ang12000,Ang,,0,0,0,FALSE,,,
265,13/08/2021,1.42616E+18,Sandymissit,Sandy,Too many doctors and nurses coming forward about other remedies that they knew about in beginning.…,0,0,0,FALSE,,,
266,13/08/2021,1.42616E+18,thecovidsite,COVID News,Japanese regulator finds that Pfizer vaccine concentrates in ovaries of rats. #CovidVaccine  (,1,0,1,FALSE,,,
267,13/08/2021,1.42616E+18,VitaliteNB,Réseau de santé Vitalité,"AUGUST 13 – Walk-in and by appointment CLINIC for FIRST and SECOND DOSES of the vaccine. Hope to see you there!

K.…",3,0,3,FALSE,,,
268,13/08/2021,1.42616E+18,sapiopaz,Tia Bruja,The same way Pfizer moderna and j&amp;j are making a living… funded by taxpayers dollars that are being…,1,0,0,FALSE,,,
269,13/08/2021,1.42616E+18,HendrikAlbertII,Albertus Hendrikus,The stock prices of Pfizer and Moderna needed some support.,1,0,0,FALSE,,,
270,13/08/2021,1.42616E+18,fon_gaming,fon_gaming,"Been in bed the last two days after the second dose vaccine.

Didn't expect it to hit me this hard.

For anyone who…",1,0,0,FALSE,,,
271,13/08/2021,1.42616E+18,kleite77,Kleite,"I also engaged with someone who stated ""No one anticipated we’d end up in a pandemic, or that we’d have to…",0,0,0,FALSE,,,
272,13/08/2021,1.42616E+18,Pwnidus,Pwnidus,"I bet you can find a bunch of Pfizer stock options on the hardcore ""get the…",0,0,0,FALSE,,,
273,13/08/2021,1.42616E+18,Syernide,SyerNide,I know mine will be part of the pfizer range. So my second one is coming the 22nd of September,0,0,0,FALSE,,,
274,13/08/2021,1.42616E+18,saabelieves,sharon a p,The Feds Just OK’ed Booster Shots. This Could Get Ugly Fast.,0,0,0,FALSE,,,
275,13/08/2021,1.42616E+18,CartWreck,AIR_Wreck Cart_man,". Sorry, the game has changed.",5,0,0,FALSE,,,
276,13/08/2021,1.42616E+18,OMngomezulu,OMngomezulu,On other news headlines: Pfizer to reap billions from Covid-19 vaccine booster market,0,0,0,FALSE,,,
277,13/08/2021,1.42616E+18,Bex10754118,Bex,This why pfizer openly said vaccine need antivirals and they studying something new ??,1,0,0,FALSE,,,
278,13/08/2021,1.42616E+18,JamaicaGleaner,Jamaica Gleaner,"The Pfizer-BioNTech vaccine is classified as an mRNA vaccine, which contains tiny fragments of the genetic material…",1,0,1,FALSE,,,
279,13/08/2021,1.42616E+18,FCWCVT,Community Outreach Coordinator,"08/13 EMS Clinic, 1311 Barre Montpelier Rd. (Behind Burger King) 
4:00 pm - 7:00 pm Berlin Johnson &amp; Johnson (singl…",0,0,0,FALSE,,,
280,13/08/2021,1.42616E+18,naturecosmopol2,CZ ??,#NEWS #Friday13th  Pfizer and Moderna do not share on the scientific servers the results of the test…,0,0,0,FALSE,,,
281,13/08/2021,1.42616E+18,CraigKellyMP,Craig Kelly MP,"And they want to??teenagers

New study warns of ‘rare’ heart complication which is more prevalent in teenage boys

P…",118,0,40,FALSE,,,
282,13/08/2021,1.42616E+18,cheftender246,Jalen Green Stan ????????,All flu vaccines require boosters. I got 6 flu shots for every year I lived in Toronto. Pfizer trying to get FDA ap…,0,0,0,FALSE,,,
283,13/08/2021,1.42616E+18,My_HelpingHand,MyHelpingHandIndia™,We need vaccines like pfizer and other WHO approved from covax. Absolutely reverse topic discussion,1,0,0,FALSE,,,
284,13/08/2021,1.42616E+18,naturecosmopol2,CZ ??,#NEWS #Friday13th  Pfizer and Moderna do not share on the scientific s…,0,0,0,FALSE,,,
285,13/08/2021,1.42616E+18,naturecosmopol2,CZ ??,#NEWS #Friday13th  Pfizer and Moderna do not share on the scientific servers the results of the tes…,0,0,0,FALSE,,,
286,13/08/2021,1.42616E+18,naturecosmopol2,CZ ??,#NEWS #Friday13th  Pfizer and Moderna do not share on the scientific servers the results of t…,0,0,0,FALSE,,,
287,13/08/2021,1.42616E+18,end_fps,End,boutta have pfizer private key injected into my veins watch your Qs ??????????,2,0,0,FALSE,,,
288,13/08/2021,1.42616E+18,DianaCialino,Diana Manister,Covid vaccine has been MASSIVELY tested on over 200 MILLION Americans. No deaths or miscarriages resulted from Mode…,0,0,0,FALSE,,,
289,13/08/2021,1.42616E+18,CRG678,Cheryl Goodell,"It's the ONLY way I go to a place. And I'm vaccinated &amp; wear masks. 

Just like we didn't know the Pfizer was only…",0,0,0,FALSE,,,
290,13/08/2021,1.42616E+18,naturecosmopol2,CZ ??,#NEWS #Friday13th  Pfizer and Moderna do not share on the scientific servers the results of the test roun…,0,0,0,FALSE,,,
291,13/08/2021,1.42616E+18,festiveowlz,Festive Owl,"Talk about brain washed. I hope you’re at least getting a pay check from Pfizer, all the other clowns are.",0,0,0,FALSE,,,
292,13/08/2021,1.42616E+18,lestander78,Lest,Report: Pfizer Does Not Mandate Vaccines for Employees,0,0,0,FALSE,,,
293,13/08/2021,1.42616E+18,wamamilialfayo,wamamilialfayo,"Doc., Do this, open the South Africa covid website, tell somebody…",0,0,0,FALSE,,,
294,13/08/2021,1.42616E+18,DdivineOne,Ddiv1ne,"It's not a free vaccine ,the people of America will pay for it some way or another ??????",1,0,0,FALSE,,,
295,13/08/2021,1.42616E+18,naturecosmopol2,CZ ??,#NEWS #Friday13th  Pfizer and Moderna do not share on the scientific…,0,0,0,FALSE,,,
296,13/08/2021,1.42616E+18,rashapernal,Rashapernal@gmail.com,"If a 70 and 80 year old got second dose of Pfizer overseas in February and are now in the US, can…",0,0,0,FALSE,,,
297,13/08/2021,1.42616E+18,OneAndOnlyPrIve,OneAndOnly,"Some died in Dubai after being vaxx with Pfizer..pinoy 35 yo..last dose was in May, d…",0,0,0,FALSE,,,
298,13/08/2021,1.42616E+18,naturecosmopol2,CZ ??,#NEWS #Friday13th  Pfizer and Moderna do not share on the scientific servers…,0,0,0,FALSE,,,
299,13/08/2021,1.42616E+18,amy87929884,amy,Please allow everyone under 40 to get Pfizer in Victoria. We want to get vaccinated,5,0,0,FALSE,,,
300,13/08/2021,1.42616E+18,TheDeepDiveFeed,The Dive Feed,"$PFE $MRNA

The U.S. Food and Drug Administration on Thursday authorized a booster dose of COVID-19 vaccines from P…",0,0,1,FALSE,,,
301,13/08/2021,1.42616E+18,Mustafiz_91,Engr. M. Rahman ????,"Robert W. Malone recently tweeted:

 ""An Israeli scientist told him that there was an agreement with Pfizer and the…",0,0,0,FALSE,,,
302,13/08/2021,1.42616E+18,naturecosmopol2,CZ ??,#NEWS #Friday13th  Pfizer and Moderna do not share on the scientific servers the res…,0,0,0,FALSE,,,
303,13/08/2021,1.42616E+18,TheFogOfEnmity,The Fog Of Enmity,"I had my first Pfizer just last week.

Rough start to motherhood. 1st week was great but then  I develop…",0,0,0,FALSE,,,
304,13/08/2021,1.42616E+18,Matt_Kiser,Matt Kiser,"Biden's big COVID challenge: Fading vaccines may demand boosters
 via",0,0,0,FALSE,,,
305,13/08/2021,1.42616E+18,LGLHealthUnit,LGL Health Unit,"Walk-in vaccination clinic today, Friday, Aug 13, in Lanark at the Community Health Centre (207 Robertson Dr) from…",0,0,0,FALSE,,,
