Column1,tweet_dt,id,username,name,tweet,like_count,reply_count,retweet_count,retweeted,sentiment_true,emotion_true
0,13/08/2021,1.43E+18,d3dhemmer,Hans-Peter Hemmer,Worte sind wie Schall und Rauch. Please have a look!,0,0,0,FALSE,neutral ,neutral 
1,13/08/2021,1.43E+18,guillau40993237,guillaume,"Hello Elon, I'm a young male who couldn't see what you are trying to achieve.

I see that you have more p…",0,0,0,FALSE,negative,surprise
2,13/08/2021,1.43E+18,mikepiko,Mike Pikowski,Electric ? I´m Shocked ! I always thought you were a Diesel guy who builds Electric Car Plants for Million Dollars…,0,0,0,FALSE,negative,surprise
3,13/08/2021,1.43E+18,TamaraAlexis,Tamara Alexis Mrs. Putin,?  who is following Elon’s musk from Canada’s Tepic moon based infectious laughter clown computing E…,0,0,0,FALSE,negative,anger
4,13/08/2021,1.43E+18,joe_lipowski,Joe Lipowski,"Without question, cycling is significantly kinder to the environment than any form o…",0,0,0,FALSE,positive,joy
5,13/08/2021,1.43E+18,orthereaboot,luis carruthers,Imagine paying $117k for this car &amp; having none of the issues addressed.  Welcome to the $TSLA Model X experience.…,2,0,1,FALSE,negative ,neutral 
6,13/08/2021,1.43E+18,newsfilterio,Investor News,Musk Says Tesla’s Delayed Gigafactory Should Open in October. The Shares Are Up. $TSLA $TWTR,0,0,0,FALSE,neutral ,neutral 
7,13/08/2021,1.43E+18,dato_kipiani,dato kipiani,#ElonMusk When will Tesla start selling cars on the Dodge?,0,0,0,FALSE,neutral ,neutral 
8,13/08/2021,1.43E+18,YoungCosmonaut,young cosmonaut,I just became an even bigger Tesla fan boy,0,0,0,FALSE,positive,joy
9,13/08/2021,1.43E+18,alexandrejaquet,*Alexandre-Ludovic*,Not sure he is rigth.,0,0,0,FALSE,negative,anger
10,13/08/2021,1.43E+18,djt_q17,Eagle 17 ??,PAT369 on the ground at DFW - Tesla numbers?,0,0,0,FALSE,neutral ,neutral 
11,13/08/2021,1.43E+18,MvdfAverdieck,Martin Averdieck,Building a tesla tower?or keep using wef nwo technologie,0,0,0,FALSE,neutral ,neutral 
12,13/08/2021,1.43E+18,Doctor_of_Music,Mike Coe,You haven't answered my question - are y…,0,0,0,FALSE,negative,anger
13,13/08/2021,1.43E+18,hyper_drive,Bloomberg Hyperdrive,Merkel’s would-be successor is trying to burnish his credentials by meeting Elon Musk and visiting Tesla's new fact…,0,0,0,FALSE,negative,anger
14,13/08/2021,1.43E+18,mrlongisland,Mr. Long Island,"Make it a complete set...Tesla panels, PowerWall and EV charger! Call me: 631-260-7598.",0,0,0,FALSE,positive,joy
15,13/08/2021,1.43E+18,hatepicksfan24,hatepicks,follow carlos on tesla social,0,0,0,FALSE,positive,joy
16,13/08/2021,1.43E+18,MyTsla,Luv my TSLA,"If you're saying his influence helps Tesla raise cash, he'd still…",1,0,0,FALSE,negative,anger
17,13/08/2021,1.43E+18,Lunnaris01,Lunnaris01,Tesla has some of the most advanced software for emergency breaking to protect pedes…,0,0,0,FALSE,positive,joy
18,13/08/2021,1.43E+18,whitewolf359,?????????? ?? #CoulsonLives,If the car companies want that route they ca…,0,0,0,FALSE,neutral ,neutral 
19,13/08/2021,1.43E+18,Silky1776,Matt Silcox,"Wrong on Tesla, but not wrong that Musk makes claims and predictions about Tesla that…",0,0,0,FALSE,positive,joy
20,13/08/2021,1.43E+18,JonBryant421,Jon Bryant,"Still, seems dumb. I am generally favorable to MW but this is missing the point entirely. Some have go…",0,0,0,FALSE,negative,sadness
21,13/08/2021,1.43E+18,fauxniuz,Mauren,If you support tesla you aint a patriot. I dont make the rules,0,0,0,FALSE,negative,anger
22,13/08/2021,1.43E+18,thomasbihn,Thomas Bihn,But they like to also cite the chip shortage limiting Tesla production as a huge negative like it is…,0,0,0,FALSE,negative,anger
23,13/08/2021,1.43E+18,DavidMyersATX,David Myers,Wrong.  will recognize  when it becomes a union shop.,0,0,0,FALSE,negative,neutral 
24,13/08/2021,1.43E+18,richjones52,Richard Jones,They’ve been around over sixty years still waiting?,0,0,0,FALSE,negative,anger
25,13/08/2021,1.43E+18,Thewormking1,GOLDIE??LOCKS #ENGLAND Let's 'ALL' Unite ??,"Not one bit was invented in the time that is stated??
It is all old world tech that they keep hidden only t…",0,0,0,FALSE,negative,anger
26,13/08/2021,1.43E+18,StockMarketTSLA,Tesla Stock News & Info,"""Not Model Y"" ??

#Tesla",1,0,0,FALSE,positive,joy
27,13/08/2021,1.43E+18,ddjw123,Dalton DJ Williams,The only reason I want to own a Tesla is so I can change the horn to La Cuchracha and go through a Taco Bell drive through,0,0,0,FALSE,negative,anger
28,13/08/2021,1.43E+18,PMANeng,Paul Manley,"Any? That’s quite a bold statement. Looks, ride quality and…",0,0,0,FALSE,neutral ,neutral 
29,13/08/2021,1.43E+18,smarket,Deepak Singh,"When a stock makes a vertical spike, then it underperforms for a long period of time. The stocks take rest after su…",1,0,0,FALSE,neutral ,neutral 
30,13/08/2021,1.43E+18,Avvexd,Avve,The guy you replied to is obviously shilling really…,0,0,0,FALSE,neutral,neutral
31,13/08/2021,1.43E+18,jacopoalberto,Jacopo Alberto Giorgino,I love the clarity of this man,0,0,0,FALSE,positive,neutral
32,13/08/2021,1.43E+18,pedalandpostCB,Christopher Benton,"Just passed a Tesla stuck in congestion on our eCargo bike making deliveries 

This does…",0,0,0,FALSE,negative,joy
33,13/08/2021,1.43E+18,DrThavundayil,Dr.Joseph Xavier Thavundayil,Tesla is the safest car available. For affordability cheaper models are being introduced.…,0,0,0,FALSE,positive,neutral
34,13/08/2021,1.43E+18,hempcityglass,Hemp City Glass,"Check out this product ?? High Voltage Tesla Glass Tray ?? 
by Hemp City Glass starting at $13.98. 
Shop now ????…",0,0,0,FALSE,positive,joy
35,13/08/2021,1.43E+18,PuggoWasTaken,Yo,Your tesla gets more content than OW.,0,0,0,FALSE,positive,neutral
36,13/08/2021,1.43E+18,financelygroup,Financely,"Tesla, Re|Source to launch final pilot in DRC to trace cobalt from mine to EVs: Blockchain-based program program is…",0,0,0,FALSE,positive,neutral
37,13/08/2021,1.43E+18,Reboticant,Reboticon,The idea that going full EV accomplishes much of anything towards decarboniz…,4,0,0,FALSE,positive,joy
38,13/08/2021,1.43E+18,909kishore,Kishore,"Not Model Y

#tesla",0,0,0,FALSE,neutral,neutral
39,13/08/2021,1.43E+18,justtradin,Jake Tiley,Tesla at 800B market cap and makes no profit ..its a zombie market pre apocalyse ...#LetHerRip,1,0,0,FALSE,negative,neutral
40,13/08/2021,1.43E+18,socaljohnmyer,Ed Kravitz,Coolness factor depleted- Miley Cyrus.,0,0,0,FALSE,neutral,surprise
41,13/08/2021,1.43E+18,Peter11448727,Peter,We are ready for tesla #Elonmusk accepted #doge,0,0,0,FALSE,positive,joy
42,13/08/2021,1.43E+18,benklayman,Ben Klayman,Tesla's Musk hopes to make first cars at Berlin plant in Oct,0,0,0,FALSE,positive,love
43,13/08/2021,1.43E+18,ashfield_lee,bottom Gear Bot,"Now, amidst Inside Gear, Jeremy finds 4 Congolese extremists, Richard fucking gets fucking syria'd by a 978 BC came…",0,0,0,FALSE,negative,anger
44,13/08/2021,1.43E+18,KScons,"Klaus Schäfer, KS-Consulting","that’s a chance to get a piece of cake, germanys Infrastructures support distributed for 1.000 high speed…",0,0,0,FALSE,positive,neutral
45,13/08/2021,1.43E+18,IdeasPrime,Prime Trader,"Tesla | $TSLA

TSLA: Pattern Above The Pattern - Time To Buy Again

Long or short it with BTC on Trade8:…",0,0,0,FALSE,neutral,neutral
46,13/08/2021,1.43E+18,CommissariSalvo,Insp Montalbano,If the comments on this thread indicate the intelligence of the average “Tesla driver” the…,0,0,0,FALSE,neutral,neutral
47,13/08/2021,1.43E+18,TesFanMitch,TesFanMitch,"I've learned over the years, in many cases, today unions are hampering so…",0,0,0,FALSE,neutral,neutral
48,13/08/2021,1.43E+18,Milhooz,Julien K,I believe Giga Shanghai has switched to local market production now and we might not see anot…,1,0,0,FALSE,neutral,neutral
49,13/08/2021,1.43E+18,tyfson,Tighe Johnson,so when ya making the Tesla speed boat? Or yacht?,0,0,0,FALSE,negative,joy
50,13/08/2021,1.43E+18,SUNationSolar,SUNation Solar,Get a Tesla EV Charger from SUNation today and qualify for a $500 rebate from PSEG. Contact us today to get started…,1,0,0,FALSE,positive,neutral
51,13/08/2021,1.43E+18,JustinAglio,"Justin Aglio, Ed.D.",Want to learn how   and Alexa use #AI technology? Visit  and apply to our…,0,0,0,FALSE,neutral,neutral
52,13/08/2021,1.43E+18,TheDonaldMusk,The Donald musk,"These are the kinds of people that say they are all about the ""mission"" but constantly shit on other EVs…",1,0,0,FALSE,negative,anger
53,13/08/2021,1.43E+18,gordonschuecker,The Passenger,has obviously followed t…,0,0,0,FALSE,neutral,neutral
54,13/08/2021,1.43E+18,LucWaterlot,? LUC ????RLOT ? ????,"It will be a colorful weekend...
And not only on the roads...
Still loading trains and trucks 
#tesla #model3…",2,0,0,FALSE,positive,joy
55,13/08/2021,1.43E+18,dogecoin4tesla,Dogecoin for Tesla,"Currently, 1 $DOGE = $0.277330.

At this rate, a #Tesla #Cybertruck costs:
• Single Motor RWD: 143,872 ?
• Dual Mot…",0,0,0,FALSE,neutral,neutral
56,13/08/2021,1.43E+18,ev_truths,EVTruths,Honestly #Tesla should have a yoke option for #Model3,1,0,0,FALSE,negative,sadness
57,13/08/2021,1.43E+18,RuetaDavid,David Rueta,It is going to the moon be ready for the ride ??,0,0,0,FALSE,positive,joy
58,13/08/2021,1.43E+18,BBY3ONJUN,Tannie? ia?? MISSES YJ,Hey ?? *leans on tesla*,0,0,0,FALSE,positive,love
59,13/08/2021,1.43E+18,MahadevNaik333,Mahadev Naik,When in India,0,0,0,FALSE,neutral,neutral
60,13/08/2021,1.43E+18,evannex_com,EVANNEX for Tesla Community,Could it be that sales of traditional gas-powered cars have hit their peak? It's all downhill from here for fossil…,2,0,0,FALSE,positive,joy
61,13/08/2021,1.43E+18,benklayman,Ben Klayman,Would-be Merkel successor Laschet to meet Tesla's Musk on Friday,0,0,0,FALSE,positive,joy
62,13/08/2021,1.43E+18,BillsfanLife,FrankLucas,Never forget that price targets don’t mean a fkn thing. If you believe in the leadership and future o…,1,0,0,FALSE,negative,anger
63,13/08/2021,1.43E+18,on_tesla,On Tesla,Not sure how you’d ever have a valet park your car without giving…,0,0,0,FALSE,neutral,neutral
64,13/08/2021,1.43E+18,MyTsla,Luv my TSLA,"He won't leave, he'll just become Chairman of Board.  

Even if h…",1,0,0,FALSE,positive,joy
65,13/08/2021,1.43E+18,teamcmcbot,RoyalePros (Team CMC Bot),". has won grand challenge on 13/08/2021 20:59:12 SGT [Dark Prince,Fire Spirit,Skeletons,Tesla,Goblin Dril…",1,0,0,FALSE,positive,joy
66,13/08/2021,1.43E+18,PlutoCR_,Pluto I ????,Predict Royale ?? ok every Tesla Player place it there ??,0,0,0,FALSE,negative,sadness
67,13/08/2021,1.43E+18,TheArticleTrunk,TheArticleTrunk,"Tesla says Tesla Semi electric truck’s weight is on point, and that’s crucial",0,0,0,FALSE,positive,joy
68,13/08/2021,1.43E+18,whatthepeanut,Dopinghustler,How much is Tesla paying for those tweets,0,0,0,FALSE,negative,anger
69,13/08/2021,1.43E+18,Utopaline,x Utopaline x,how are you not suing Facebook and these other companies for this? Every ad on my…,0,0,0,FALSE,negative,anger
70,13/08/2021,1.43E+18,Tesla__nikola,peow,LOLLLL aqqqqq,1,0,0,FALSE,positive,joy
71,13/08/2021,1.43E+18,gerardo_you,Gerardo No See You,Good luck with this whole 50% of all cars going EV when we can't get reliable power for days.  50% of the people ar…,1,0,0,FALSE,negative,anger
72,13/08/2021,1.43E+18,betincrypto,Bet In Crypto,"Elon Musk Says Tesla Will Resume Accepting Bitcoin When Miners Confirm 50% Clean Energy Usage

Toplist Crypto Casin…",0,0,0,FALSE,positive,joy
73,13/08/2021,1.43E+18,0xa0000,mr. robot,*) not in english,0,0,0,FALSE,neutral,neutral
74,13/08/2021,1.43E+18,richtalkskicks,Richard H,I like your choice of car names ??,0,0,0,FALSE,positive,joy
75,13/08/2021,1.43E+18,DineshCyanam,Dinesh Cyanam,That PW has redeemed itself in just a few months. Glad you are doing ok. We luckily ha…,0,0,0,FALSE,positive,joy
76,13/08/2021,1.43E+18,evfinancepow,EVfinance,"""In order to have clean air in cities, you have to go electric."" - Elon Musk

For more visit…",0,0,0,FALSE,positive,joy
77,13/08/2021,1.43E+18,TeslaHourly,Tesla Price Hourly,Current #Tesla Price: $722.49 ?? ?????,0,0,0,FALSE,negative,surprise
78,13/08/2021,1.43E+18,StargazerPlaid,Stargazer!!,Thank you!!!  I am huge red fan.,0,0,0,FALSE,positive,love
79,13/08/2021,1.43E+18,im_neeraj1999,Neeraj Vishwakarma,"when petrol runs out of petrol in petrol vehicles, we fill it from petrol pump, but what will we do when…",0,0,0,FALSE,neutral,neutral
80,13/08/2021,1.43E+18,KevinKhanal,Kevin,"Main Watch (08-13):

$AAPL - Bounce 148-148.50 area
$TSLA - Bounce 720 area
$MRNA - Break of 406

#tesla #tsla…",0,0,0,FALSE,neutral,neutral
81,13/08/2021,1.43E+18,tsmarthinsen,trondminator,convinced! ??,0,0,0,FALSE,positive,joy
82,13/08/2021,1.43E+18,28delayslater,??Earl of Frunkpuppy??,Fantastic,1,0,0,FALSE,positive,joy
83,13/08/2021,1.43E+18,MarcusMyles10x,ExponentialGains.com,"avoid imaginary, and ignore the real dangers. And what is true of an individual also applies, more or less, to a pe…",0,0,0,FALSE,negative,anger
84,13/08/2021,1.43E+18,dorsetphoto_JLP,James Loveridge,Such irony when Tesla lives in his head rent-free and he spends all day argui…,2,0,0,FALSE,negative ,surprise
85,13/08/2021,1.43E+18,HR_Socialite,Socialite,The prettiest Plai…,1,0,0,FALSE,positive,joy
86,13/08/2021,1.43E+18,PocketOutOfTime,A Pocket Out Of Time,If you were ever wondering why  wasn’t invited by the administration for th…,0,0,0,FALSE,negative,surprise
87,13/08/2021,1.43E+18,ByWhatMeasure,its me T,"Look at him holding the prototype for the Giga casting approach for us all to see, so long ago.",0,0,0,FALSE,positive,neutral
88,13/08/2021,1.43E+18,houseopaul,Kofie Paul,Chinese Tesla rival Nio narrows losses as revenue surges 127%,0,0,0,FALSE,neutral,neutral
89,13/08/2021,1.43E+18,_itsme_Brittany,Just Being Brittany,I swear everybody has a Tesla now,0,0,0,FALSE,positive,joy
90,13/08/2021,1.43E+18,RidgerWolf,Ridger Wolf,But where are you getting the hydrogen from? And you still have to du…,0,0,0,FALSE,neutral,neutral
91,13/08/2021,1.43E+18,andendall,Patrick M Andendall,"Not only has Tesla and Musk allowed me to drive a stunning product, but now — being Gluten averse- i can have a pro…",0,0,0,FALSE,positive,joy
92,13/08/2021,1.43E+18,ElonmuA,EloMu nft art,"You buy my nft, i buy your Tesla ????",0,0,0,FALSE,positive,joy
93,13/08/2021,1.43E+18,NewFolderF,NewFolderF,Agreed again. I feel like people think I'm def…,0,0,0,FALSE,positive,joy
94,13/08/2021,1.43E+18,Shailes80645679,Shailesh,This Advertisement really gives off Tesla vibes,1,0,0,FALSE,positive,joy
95,13/08/2021,1.43E+18,RBullotta,??????,"He is ignoring the primary ""why"" though - that you can ""refuel"" or ""recharge"" in…",0,0,0,FALSE,negative,fear
96,13/08/2021,1.43E+18,BOBINSOFLA_007,Slide By Sully™? ????,"A yoke stereing wheel? 
Well now it’s official. Tesla is the most expensive golf cart you can buy.",0,0,0,FALSE,neutral,neutral
97,13/08/2021,1.43E+18,Md_Asif_Ali_,Md. Asif Ali,The Tesla-fication of Moderna Is a Rich Tale,0,0,0,FALSE,negative ,anger
98,13/08/2021,1.43E+18,OMHoldingsInc,"OM Holdings International, INC","OMHI ""Another #OneMart store slated to open this December adding another Amazing Revenue Stream for OM Holdings Int…",1,0,1,FALSE,positive,joy
99,13/08/2021,1.43E+18,ShortNon,SHORTNON (BITCOIN MAXI CYBERHORNET BROKER PLEB),"Proposed next German Bundeskantzler simping over 

Elon proposed here to change some legislation towards…",1,0,0,FALSE,neutral,neutral
100,13/08/2021,1.43E+18,christoph_leitl,Christoph Leitl,"Better questions:
Dear Mr Musk, what is the future of ...

""sustainable transportation""
""sust…",0,0,0,FALSE,neutral,neutral
101,13/08/2021,1.43E+18,LuckyWillyV2,William Zhang,"retweet and follow to win with me on my twitter giveaway journey!
""Our virtues and our failings are inseparable, li…",0,0,1,FALSE,positive,joy
102,13/08/2021,1.43E+18,KarmaNorbu18,Karma Norbu,any news on Tesla $25k car coming to Bhutan la?,0,0,0,FALSE,positive,joy
103,13/08/2021,1.43E+18,VoltaicEV,Voltaic EV,"Hi, happy Friday everyone. I know it's the 13th, but to get things rolling with Twitter I thought I'd offer up a…",2,0,2,FALSE,positive,joy
104,13/08/2021,1.43E+18,CyclAdeleC,Adele Craven,Electric motor. Battery.  Also fuel cell and hydrogen tank.  Both o…,0,0,0,FALSE,neutral,neutral
105,13/08/2021,1.43E+18,StianWalgermo,Walgermo ????,"Model Y for EU has updated WLTP range at 507 km. Up from 505 km ??

I have postponed my delivery to MiG with…",0,0,0,FALSE,neutral,neutral
106,13/08/2021,1.43E+18,Teslanews10,TeslaNews,Tesla driving test hell: How DMV examiners’ biases are inhibiting the EV transition,2,0,0,FALSE,negative,anger
107,13/08/2021,1.43E+18,StargazerPlaid,Stargazer!!,Plaid Puppy!!  Lord Byron approves!!  #frunkpuppyfriday    #tesla #plaid #models…,12,0,2,FALSE,positive,joy
108,13/08/2021,1.43E+18,Tesla_Nicole91,Tesla Kanning Howell,I’ll never understand how fertility works…,0,0,0,FALSE,negative,anger
109,13/08/2021,1.43E+18,MP_Investing,MP Investing,"Along with $TSLA, I am heavily invested in $LCID. I was lucky enough to check out their showroom in Scottsdale the…",0,0,0,FALSE,positive,joy
110,13/08/2021,1.43E+18,JonathanGuito,Jonathan 50% CAGR to Mars ???????,"Hell yeah buddy! ?? of all Tesla vehicles, nothing excites me more than the Roadster. Life goal of mine to own one!",0,0,0,FALSE,positive,joy
111,13/08/2021,1.43E+18,MvunaboF,frank646464,what about africa,0,0,0,FALSE,neutral ,neutral 
112,13/08/2021,1.43E+18,prexer,prexer,Will I be able to quick charge at Tesla chargers? They seem to have the only week maintained network of chargers so far,0,0,0,FALSE,negative,fear
113,13/08/2021,1.43E+18,BURNERA56462776,BURNER ACC,NO WAY!? Pawn a brand new Tesla on FACEBOOK MARKETPLACE!? LIMITED TIME ONLY!!,0,0,0,FALSE,positive,surprise
114,13/08/2021,1.43E+18,RWMann,"Robert W. Mann, Jr.",It’s as if buying and quickly selling a Tesla is just a non-transferable tax avoidance play…,0,0,0,FALSE,negative,anger
115,13/08/2021,1.43E+18,Jzaafarani,Joseph Zaafarani,June 3rd. First time owner of a tesla. Also East coast.,0,0,0,FALSE,positive,joy
116,13/08/2021,1.43E+18,TeslaMOD3L,Tesla MOD3L,These new startups would be better off consulting with Tesla first on building an…,0,0,0,FALSE,positive,joy
117,13/08/2021,1.43E+18,Demetri09536950,Demetrius Martin,I don’t agree didn’t he say he was going to make it to where Tesla ca…,0,0,0,FALSE,negative,anger
118,13/08/2021,1.43E+18,MichaelTosic,Mihailo-Michael Tosic,"I this white house, on a stormy night in 1856, the great Nikola Tesla was born. ????",0,0,0,FALSE,positive,surprise
119,13/08/2021,1.43E+18,Lil_Mikee__,??&??,You could’ve threw that Tesla lob to the timeline I wish I would’ve seen it ????,0,0,0,FALSE,negative,sadness
120,13/08/2021,1.43E+18,upser2004,Phillip Raymond,Those hydrogen tanks are built to withstand forces you wouldn't believe. Every major tesla crash tha…,0,0,0,FALSE,positive,joy
121,13/08/2021,1.43E+18,arshadsemp,Arshad (BEERA),Cap i don't know why everytime I look at dhl livery i feel its an old jet no matter what time they induct…,0,0,0,FALSE,positive,surprise
122,13/08/2021,1.43E+18,slhelme,Sara Helme,I love #Tesla sense of humour #NotAModelY ????,0,0,0,FALSE,positive,love
123,13/08/2021,1.43E+18,HeardAtE3,Overheard At E3,Always wanted to enjoy friendly fire through intricate Tesla guns? Our groovy heat maps made it possible.,0,0,0,FALSE,positive,joy
124,13/08/2021,1.43E+18,Lipsytee,Lipsyte,Dude is out there tweeting about Tesla every chance he gets to throw shade an…,2,0,1,FALSE,negative,anger
125,13/08/2021,1.43E+18,TrendTrader007,7,$tsla do you guys even realize that Tesla only has to go 24.6% to head $900 a share and 38% to hit thousand dollars…,4,0,0,FALSE,positive,surprise
126,13/08/2021,1.43E+18,MB_3213,Money boy,I blame  lol. CEO of $f hurting this morning,1,0,0,FALSE,positive,joy
127,13/08/2021,1.43E+18,Commuternyc,Commentator,Hmm Tesla has no moat and yeah 370 is an absurd value given that the mean PE for the S&amp;P is 15.9. F…,0,0,0,FALSE,negative,anger
128,13/08/2021,1.43E+18,pauljauregui,Paul J ??,My  Model S #AP2 Autowipers have been in Beta for 4YRS. SMH,1,0,0,FALSE,neutral,neutral
129,13/08/2021,1.43E+18,roughroadface51,roughroadface,"When your boss has a Tesla and a Porsche, but your factory's roof have a hole that is being repaired....slooowly, cuz of the budget.",1,0,0,FALSE,positive,joy
130,13/08/2021,1.43E+18,adscovery,Aditya,Tesla starts giving back Supercharger access to salvaged vehicles,0,0,0,FALSE,positive,joy
131,13/08/2021,1.43E+18,Mohamma07998800,Mohammadamin,"Buy ivg tokens ????
You are listed in 4 categories
And it is going to be listed in oth…",0,0,0,FALSE,neutral,neutral
132,13/08/2021,1.43E+18,olympicsgo,OlympicsgoIND,Why do we need Tesla for future and benefits? Unlike…,0,0,0,FALSE,positive,joy
133,13/08/2021,1.43E+18,GabiZurah,Gabby,"I feel like there are missing pieces in this puzzle. 

The hydrogen process looks…",0,0,0,FALSE,negative,fear
134,13/08/2021,1.43E+18,MICKYIMP,micky,Buy a Microsoft soft stock or Tesla if you take an L lol,0,0,0,FALSE,neutral,neutral
135,13/08/2021,1.43E+18,Shashibasniwal,Shashikant basniwal????,Tesla is the synonym of ev .,0,0,0,FALSE,positive,joy
136,13/08/2021,1.43E+18,McMillanLawyer,McMillan Law Group,"Tesla Burns Down in the Garage, Auto Manufacturers Are Taking it Seriously



#lemon #legal…",0,0,1,FALSE,neutral,neutral
137,13/08/2021,1.43E+18,teach_beard,Edward_Teach's_Smoking_Beard,"I don't think you can apply common definitions to stocks like  Bull, bear, correction...none of those really apply.",0,0,0,FALSE,neutral,neutral
138,13/08/2021,1.43E+18,motionadven,Okedi Peter John,Tesla to accept Bitcoin again… when it uses more green energy,0,0,0,FALSE,positive,joy
139,13/08/2021,1.43E+18,incelsforelon,Tesla Owners San Salvador Valley,Moderna’s stock has been rising only due to outrageous volumes of weekly call option buyi…,1,0,0,FALSE,negative,anger
140,13/08/2021,1.43E+18,PeterD14659580,PeterD,Thank you,0,0,0,FALSE,positive,love
141,13/08/2021,1.43E+18,Mohamma07998800,Mohammadamin,"Buy ivg tokens ????
You are listed in 4 categories
And it is going to be listed in other big exchang…",0,0,0,FALSE,neutral,neutral
142,13/08/2021,1.43E+18,craig6333,Craig Armstrong,Thank…,0,0,0,FALSE,positive,love
143,13/08/2021,1.43E+18,civiltalker,Dr Michelle Cain,Supply chain issues everywhere (microchips in short supply) at the moment acc…,1,0,0,FALSE,negative,neutral
144,13/08/2021,1.43E+18,Dacryptocpa,pangboy,"Funniest part is that those people will most likely still get exposure to Bitcoin via ETFs, Tesla,…",0,0,0,FALSE,positive,joy
145,13/08/2021,1.43E+18,obama_factss,ya boy,Tesla suck up moment,0,0,0,FALSE,negative,anger
146,13/08/2021,1.43E+18,rogelioferrerjr,RTFjr,Sensible analysis by   ... EV Tesla is the best  ...,0,0,0,FALSE,positive,joy
147,13/08/2021,1.43E+18,ajpbradley,Alan Bradley,Still more responsible than letting your 7 year old control your Tesla on the public highway.,0,0,0,FALSE,negative,anger
148,13/08/2021,1.43E+18,veloszo_,liu,hawking e tesla,0,0,0,FALSE,neutral,neutral
149,13/08/2021,1.43E+18,fiona_webster22,Fiona Webster ??????,I think genius Nikola Tesla would've invented the electric car—if former partner Thomas Edison hadn't of…,1,0,0,FALSE,positive,joy
150,13/08/2021,1.43E+18,coryawhyte,???? Orange you Glad you have a TSLA ????,Fixed it!,0,0,0,FALSE,positive,joy
151,13/08/2021,1.43E+18,GoldmanSachBOT,EquityMarketPredictor,"Tesla, Inc. (TSLA) surprised the market with Q3 result.  J.P. Morgan Chase changed the rating to Hold, as Tesla, In…",0,0,0,FALSE,positive,joy
152,13/08/2021,1.43E+18,trader_redart,TraderX,The Elan of Elon Musk | $TSLAQ $TSLA,0,0,0,FALSE,positive,joy
153,13/08/2021,1.43E+18,olympicsgo,OlympicsgoIND,"""By 2030 it is said to increase by 3-4 times"" lol, wh…",0,0,0,FALSE,positive,joy
154,13/08/2021,1.43E+18,enzaere,Enzaere,"hello dear elon I invested all my money in safemoon and I believe it is a quality coin, you know b…",0,0,0,FALSE,positive,love
155,13/08/2021,1.43E+18,Mrtnvrbst,mrvb,How is a hydrogen car not electric? ??,0,0,0,FALSE,neutral,neutral
156,13/08/2021,1.43E+18,Nairametrics,Nairametrics,Elon Musk is now world’s richest man as Tesla stocks soar to new heights,2,0,0,FALSE,positive,joy
157,13/08/2021,1.43E+18,keith_dorschner,Keith Dorschner,Wheel covers?,1,0,0,FALSE,neutral,neutral
158,13/08/2021,1.43E+18,ChazC318,Black Goku,Screw the compressor on the Tec it ain't make a sound like a Tesla,0,0,0,FALSE,positive,neutral
159,13/08/2021,1.43E+18,H2Ninja,Stormy Thunder,Tesla Model 3 vs Toyota Camry: TRUE OWNERSHIP COST Comparison  via,0,0,0,FALSE,neutral,neutral
160,13/08/2021,1.43E+18,foottrenball,FOOTTRENBALL,"Poor Cultural mind ""Elon Musk"" ignoring where Tesla was born and giving today advantage to people wh…",0,0,0,FALSE,negative,neutral
161,13/08/2021,1.43E+18,Jzaafarani,Joseph Zaafarani,anywhere to buy new Plaid accessories.  site only has older models...#plaid #Tesla,0,0,0,FALSE,neutral,neutral
162,13/08/2021,1.43E+18,rantsofmich,"Pete Bronson, CPA, CA",Pretty much same thing many small to mid company have done in the pas…,1,0,0,FALSE,neutral,neutral
163,13/08/2021,1.43E+18,zGodofThunder,Thor,This is another great video explaining H vs E,0,0,0,FALSE,positive,joy
164,13/08/2021,1.43E+18,stock_slayer,Stock Slayer,$AAZZF A2Z Smart Technologies to Implement A 3 to 1 Share Consolidation to Meet NASDAQ Initial Listing Requirements…,1,0,0,FALSE,neutral,neutral
165,13/08/2021,1.43E+18,Gyk_2000,Gowri Yokesh Kumar S??,"Opportunity don’t come on our way so easily?? so hold the opportunity as much closer ?? 

#musk #mars…",0,0,2,FALSE,neutral,neutral
166,13/08/2021,1.43E+18,BertelSchmitt,BertelSchmitt™ 2x jabbed ??????????,Laughs Off Concern $TSLA German Plant Will Sap Water Supply  via,1,0,1,FALSE,neutral,neutral
167,13/08/2021,1.43E+18,Tesla_Taylor,Tesla Taylor,"Cross-chain Crypto Derivatives Exchange 
$cdz is now live on  #ignition.

Don't forget to check out…",0,0,0,FALSE,positive,joy
168,13/08/2021,1.43E+18,progstah,Will Gill,2-week wait to get my #tesla into a service center so they can “look at it”. $715B company and the closest service is 60 miles away ??,1,0,0,FALSE,negative,anger
169,13/08/2021,1.43E+18,CityIndex_Josh,Josh Warner,"Top US #stocks to watch 

??#Disney beats expectations 

??#KSU may delay takeover vote 

???#Airbnb expects new reven…",1,0,1,FALSE,neutral,neutral
170,13/08/2021,1.43E+18,crtrud,Craig Trudell,This documentary delves into the issue ~8 1/2 minutes in:,0,0,0,FALSE,neutral,neutral
171,13/08/2021,1.43E+18,WilliamK82,Stoic Stock Trader,"Damn, that’s what my daughter is going to say about Tesla",1,0,0,FALSE,positive,joy
172,13/08/2021,1.43E+18,KaliforniaDad,Kalifornia,Tesla Model 3 Standard Range Plus sold out for 2021 in the US - TESLARATI,0,0,0,FALSE,positive,joy
173,13/08/2021,1.43E+18,DirtyTesla,DirtyTesla,no text,0,0,0,FALSE,neutral,neutral
174,13/08/2021,1.43E+18,getkeemut,keemut,Our data shows it's worth $59k assuming the battery is 97% or better. Carvana makes $5000 gross profit per…,2,0,0,FALSE,positive,joy
175,13/08/2021,1.43E+18,DilksJay,Jay Dilks,Personally speaking: I drive a Diesel VW but realize the upside of Tesla. I kind of like d…,0,0,0,FALSE,positive,joy
176,13/08/2021,1.43E+18,PauljHorton,Sunset_Tesla waiting on a Long Range S,Tesla's Musk hopes to make first cars at German plant in Oct. ??boom ?? via,0,0,0,FALSE,positive,joy
177,13/08/2021,1.43E+18,RJLInvestments,Ronald Regan,The economic moat in Tesla’s case would be the fact that they lead the electronic car space and have an attraction…,0,0,0,FALSE,positive,joy
178,13/08/2021,1.43E+18,GenYEconomist,Millennial Economist,what if you replace Tesla/Elon in your letter with wirecard/Austrian COO? Does the market cap justify it in a similar way?,0,0,0,FALSE,neutral,neutral
179,13/08/2021,1.43E+18,bopinion,Bloomberg Opinion,How does the “Tesla of biotech” compare with Tesla?,4,0,1,FALSE,positive,joy
180,13/08/2021,1.43E+18,costakonti1,costa,Tesla achieved 25% margin on Y - 3 that is double GM margin!,0,0,0,FALSE,positive,joy
181,13/08/2021,1.43E+18,SandV_YT,SandV,"My point was never to say I don't like Tencent or have a grudge against them, I use Epic Games (which…",0,0,0,FALSE,neutral,neutral
182,13/08/2021,1.43E+18,Demetri09536950,Demetrius Martin,Ya but doesn’t doing it his way create jobs??? And is it not better th…,0,0,0,FALSE,positive,joy
183,13/08/2021,1.43E+18,futureniche,future niche,"I watched a man convert a gas car to run on WATER, then put the hose from exhaust…",0,0,0,FALSE,positive,joy
184,13/08/2021,1.43E+18,whatisee14,WHAT I SEE,"Custom Marketing Strategies for the Long Run. 
  #wsj #nytimes #reuters #cnn #bet #foxnews…",0,0,0,FALSE,positive,joy
185,13/08/2021,1.43E+18,RJLInvestments,Ronald Regan,"For example, Tesla $TSLA has a PE Ratio of 370.1x, which may seem like it’s extremely overvalued. But since it’s a…",0,0,0,FALSE,positive,joy
186,13/08/2021,1.43E+18,DR0N3L0RD,DR0N3L0RD - IFTTTester~ Acount,"Elon at it again: Thank you Elon Musk.... 
#Elon #ElonMusk #spaceX #Space #tesla #starship",0,0,1,FALSE,positive,love
187,13/08/2021,1.43E+18,Fas_Boi,day_o,"finally, 5 years after placing my deposit..  #tesla",9,0,2,FALSE,positive,joy
188,13/08/2021,1.43E+18,SeraB89475082,Sera.B,Can I buy Tesla with Doge coin with this updater?,0,0,0,FALSE,neutral,neutral
189,13/08/2021,1.43E+18,Jaypiter,Jaypiter,I thought we were going to be running on trash by now. Why doesn’t someone invent…,0,0,0,FALSE,negative,anger
190,13/08/2021,1.43E+18,zGodofThunder,Thor,Love this clip … I send it to anyone who tells me H is better than E for cars.,0,0,0,FALSE,positive,love
191,13/08/2021,1.43E+18,DirtyTesla,DirtyTesla,At the time of the screenshot we just didn't have much on. Our peak was around 9kW…,1,0,0,FALSE,positive,joy
192,13/08/2021,1.43E+18,terraplanisa,isa,uh oh guys nikola tesla is here,0,0,0,FALSE,positive,joy
193,13/08/2021,1.43E+18,MattFolly1,FBI Omar Castro ?? Splinter Cell agent,"YOU WANNA OWN TESLA,  

TAKE IT.?????",0,0,0,FALSE,positive,joy
194,13/08/2021,1.43E+18,MerchMazing,MerchMazing,"News flash, Tesla sucks and will be bankrupt soon",0,0,0,FALSE,negative,anger
195,13/08/2021,1.43E+18,CraftDAnimation,DaZZ,Am I right in thinking that the new Tesla ability is aimed at Co-op players?  I have it upgraded and I literally ha…,0,0,0,FALSE,negative,anger
196,13/08/2021,1.43E+18,naashonomics,naashonomics,$tsla may get a 2 year holiday if it shares plan for #VocalForLocal #AtmanirbharBharat,0,0,0,FALSE,positive,joy
197,13/08/2021,1.43E+18,SFE10541430,SFE,Yes it does. It’s the future. He’s backed the wrong horse. There’s a place for el…,0,0,0,FALSE,negative,anger
198,13/08/2021,1.43E+18,Rand0mNPC,Random NPC (sus mouse farts) ??,crushed ego.,2,0,0,FALSE,negative,anger
199,13/08/2021,1.43E+18,vhs122,A Scared money don't make money,"$LCID to who want do  a real invest as tesla, why you not buy the lucid motors share $LCID This is the future, not…",1,0,1,FALSE,,
200,13/08/2021,1.43E+18,SantiagoBalzar6,Sabatti,"But natural gas is a fossil fuel, and it would poll…",1,0,0,FALSE,,
201,13/08/2021,1.43E+18,FMossotto,Franco Mossotto,"Updated position of Tesla ships.

Explore the map on 

Ships positions in the thread below.…",5,0,0,FALSE,,
202,13/08/2021,1.43E+18,ICEH_Energy,ICE-H Energy ?,"Tesla says Tesla Semi electric truck’s weight is on point, and that’s crucial",0,0,0,FALSE,,
203,13/08/2021,1.43E+18,iFortknox,???????? (who/whom)??,Maybe SUVs. And Tesla lol,0,0,0,FALSE,,
204,13/08/2021,1.43E+18,YosefsBeard,Yosef’s Beard,"Armanti is in the NCAA, Southern Conference, and App State record books, put up unbelievable stats, was the first b…",4,0,1,FALSE,,
205,13/08/2021,1.43E+18,miskaknapek,miska knapek,Chanceler-candidate Armin Laschet has a scientific argument with Elon Musk....about whether Hydrogen or Electricity…,0,0,0,FALSE,,
206,13/08/2021,1.43E+18,miketap101,Michael Delaney,HODLING all my DOGE. Birthday is the 31st would REALLY like to get my new car already waiting on my TESLA DOGE. Thank You,0,0,0,FALSE,,
207,13/08/2021,1.43E+18,MattFolly1,FBI Omar Castro ?? Splinter Cell agent,WHO WANTS TO RULE TESLA,0,0,0,FALSE,,
208,13/08/2021,1.43E+18,GBoorojian,Garrett Boorojian,Thank you  and  for interviewing me about the $1.2T #bipartisan #InfrastructureBill that pas…,0,0,0,FALSE,,
209,13/08/2021,1.43E+18,IOI_game,Trade Race Manager $IOI,"We finished! 

Congratulations to today's winner. 

Almost half of the Tesla Competition is over, so let's collect…",4,0,1,FALSE,,
210,13/08/2021,1.43E+18,webbd_,Webb,Shop for groceries? Work on computer? I…,0,0,0,FALSE,,
211,13/08/2021,1.43E+18,Rumidancin,Raven,Amazon and Tesla stocks are tanking and these mfs just cruising around space no cares in the wotld,0,0,0,FALSE,,
212,13/08/2021,1.43E+18,itsgrey_r,Ricardo,F* legend ??????,0,0,0,FALSE,,
213,13/08/2021,1.43E+18,iam_tech,Ian??????? ? :))?,Obviously Tesla is the best bro,4,0,0,FALSE,,
214,13/08/2021,1.43E+18,saumitra_j,Saumitra ????,No talibs will go for a Tesla gifted by the great USA for being goid boys  ??,1,0,0,FALSE,,
215,13/08/2021,1.43E+18,DirtyTesla,DirtyTesla,Well what's your referral code?! ??,0,0,0,FALSE,,
216,13/08/2021,1.43E+18,itsHarman75,Harman,The electricity used for tesla recharge at public places is from diesel generators (btw don’t mind me…,1,0,0,FALSE,,
217,13/08/2021,1.43E+18,Ndeshmo,Nderitu Muriithi,"Yoh  since you moved to Texas, and now they have voted to suppress voting by introducing archaic laws that…",0,0,0,FALSE,,
218,13/08/2021,1.43E+18,reformat80,re.Format,Feeling like a kid again. Just took delivery of my #tesla #modely.,0,0,0,FALSE,,
219,13/08/2021,1.43E+18,Ronald42685270,Phelan Seck Ceeann Freigh,In 2008 elon was smoking Mary Jane for the first time.....,0,0,0,FALSE,,
220,13/08/2021,1.43E+18,jsocialmo,xdg90,"Giga Germany: 600 months ago vs this week
#Merkel",0,0,0,FALSE,,
221,13/08/2021,1.43E+18,ekankitpatel,Ankit Patel,"If you want to find the secrets of the universe, think in terms of energy, frequency and vibration.
–Nikola Tesla",1,0,0,FALSE,,
222,13/08/2021,1.43E+18,astrid_T_C,astrid,I mean look at elizabeth holmes and theranos... the company got eva…,0,0,0,FALSE,,
223,13/08/2021,1.43E+18,lilo_dion,newyorksveryown_,tesla and apple doing numbers compared to earlier this week,0,0,0,FALSE,,
224,13/08/2021,1.43E+18,NYConvergence,Lloyd Trufelman,"Tesla Service Center Approved In East Hartford, Connecticut:",0,0,0,FALSE,,
225,13/08/2021,1.43E+18,ElonPromises,Elon Promises,"""Never need another funding round once we are past production hell. I'm just making up numbers here.""

#Tesla $tsla $tslaq",0,0,0,FALSE,,
226,13/08/2021,1.43E+18,Cecero,Cecero,Shhhh the electric car/Tesla fans don’t want to know abou…,0,0,0,FALSE,,
227,13/08/2021,1.43E+18,Bgames_Photo,Alex B. - Photonologist,Exactly! More than Tesla gave me ??,0,0,0,FALSE,,
228,13/08/2021,1.43E+18,ElliotAvidane,Elliot Avidane,How did you accumulate so many shares/ $? Any tips? I have 98 shares…,0,0,0,FALSE,,
229,13/08/2021,1.43E+18,Leichtperlig2,Leichtperlig,"Armin Laschet should have asked Elon #Musk, if he is the sperm donor of Amber Heard's defrosted campaign baby. That…",0,0,0,FALSE,,
230,13/08/2021,1.43E+18,dwalster22,der Dwalster,Would be funny if they leave the letters on the cars for a while even when already in the Stores:D,3,0,0,FALSE,,
231,13/08/2021,1.43E+18,WillingAndreT,?? Iceberg Slim Simp ??,"Me driving a Tesla everyday:
""Peons and their hand driven gas motor-cars"" ??",0,0,0,FALSE,,
232,13/08/2021,1.43E+18,Jack28316016,Jack,"Where do the batteries go when they're dead?

How's that good for the environment?",0,0,0,FALSE,,
233,13/08/2021,1.43E+18,DR0N3L0RD,DR0N3L0RD - IFTTTester~ Acount,"Elon at it again: Elon Gives a New Important Update on Giga Berlin Production 
#Elon…",0,0,1,FALSE,,
234,13/08/2021,1.43E+18,MylandBurke,The Myland,Is Cryptocurrency really a currency or just another casino chip?  I know of no place I shop that accepts it.  And I…,0,0,0,FALSE,,
235,13/08/2021,1.43E+18,bornabela,marcela,hawking e tesla fodase,0,0,0,FALSE,,
236,13/08/2021,1.43E+18,PinkvillaTech,pinkvillatech,Indian government may lower import tax for #Tesla electric cars in India; here are the details,0,0,0,FALSE,,
237,13/08/2021,1.43E+18,michalmalewicz,Michal Malewicz,"Oh nice! I'm just before the ""Purchase a Tesla"" level ??",1,0,0,FALSE,,
238,13/08/2021,1.43E+18,Jane45580728,Jane,"She has systematically evaluated hundreds of coins, and…",0,0,0,FALSE,,
239,13/08/2021,1.43E+18,DetroitTeslaTek,Ren P,Didn’t loose power for that long but peace of mind as solar and powerwa…,2,0,0,FALSE,,
240,13/08/2021,1.43E+18,Kasibert1,Martin Kleiber,U can't recycle oil but u c…,0,0,0,FALSE,,
241,13/08/2021,1.43E+18,Finbob59176455,Finbob,Ok. That's interesting. In Ireland a standard kettle represents about a 1kW load. I lo…,1,0,0,FALSE,,
242,13/08/2021,1.43E+18,tesla_adri,Tesla_Adri,Guess for stores. First Customer cars are on Helios ray and glovis supreme,1,0,0,FALSE,,
243,13/08/2021,1.43E+18,Marcus_US_stock,Marcus,"Top 10 trending stocks on WallStreetBets as of Aug 13, 2021

1. ContextLogic $WISH
2. SoFi Technologies $SOFI
3. Cl…",3,0,1,FALSE,,
244,13/08/2021,1.43E+18,skelet_on_V,skelet_on_V,think of not having both and saying to…,0,0,0,FALSE,,
245,13/08/2021,1.43E+18,foottrenball,FOOTTRENBALL,"Tesla-Elon Musk , about burned Tesla because of electric short-contact when charging ... signifies you havent yet i…",0,0,0,FALSE,,
246,13/08/2021,1.43E+18,ireminisces,Goldie,Interesting Elon Musk any thoughts on #COPL or #KIST ?,0,0,0,FALSE,,
247,13/08/2021,1.43E+18,objectsmith,O.Smith ??,"Elon Musk has grilled those involved in Telsa's £5billion German giga-factory, including state leaders, as it faces…",2,0,2,FALSE,,
248,13/08/2021,1.43E+18,theblackdetour,The Black Detour,Former Tesla Employee Awarded $1 Million In Suit Against Company for Allegedly Turning Blind Eye to Racist Work Env…,9,0,2,FALSE,,
249,13/08/2021,1.43E+18,astrid_T_C,astrid,Yeah i agree with you the funny thing about nature is if we continu…,0,0,0,FALSE,,
250,13/08/2021,1.43E+18,liamdenning,Liam Denning,"Moderna, Tesla and total addressable market-caps (jv w/    via  $MRNA $TSLA",3,0,2,FALSE,,
251,13/08/2021,1.43E+18,Mnorinsberg,Michael Norinsberg,"#Our1929Quotes
#BondBubbleUpdate

This article is one big dopey #Our1929Quotes:",1,0,0,FALSE,,
252,13/08/2021,1.43E+18,MrTeslaX,Mr Tesla X,"Congrats man, please give us more #Singapore #Tesla content!",1,0,0,FALSE,,
253,13/08/2021,1.43E+18,auzpause0848,Austin Castro,I thought I broke my touch screen on the way home in my tesla because nothing would happen when I touched the scree…,0,0,0,FALSE,,
254,13/08/2021,1.43E+18,JonBryant421,Jon Bryant,These fans don't seem to follow the company that closely. They just assume t…,0,0,0,FALSE,,
255,13/08/2021,1.43E+18,MarvinGrahamIII,Marvin Graham,All my car enthusiasts how do you feel about the self driving Mercedes is Tesla in trouble?,0,0,0,FALSE,,
256,13/08/2021,1.43E+18,IAM_Alerts,IAM,Elon Musk does not hate patents and Tesla's famous pledge is not as generous as it seems,2,0,4,FALSE,,
257,13/08/2021,1.43E+18,KIAMEIBOT,hourly kiamei,"TESLA: Mei, I want you to listen to me carefully. 
TESLA: ..Two months. She has less than two months left. That's t…",6,0,0,FALSE,,
258,13/08/2021,1.43E+18,pcsummers314,Polly Summers,"The Tesla logo looks like an IUD. That’s definitely on purpose, as a joke about the Tesla coil, right? Right?

This…",0,0,0,FALSE,,
259,13/08/2021,1.43E+18,evway,EV Way,Elon Musk explains why Tesla’s China sales plunged in July,0,0,0,FALSE,,
260,13/08/2021,1.43E+18,Doggie_wumpus,Doggiewumpus,Unmarked bills for for your job as a Tesla shill?,1,0,0,FALSE,,
261,13/08/2021,1.43E+18,chasd00,chad,thank you for the Everyday Astronaut interview. Did the lessons learned in Tesla prod hell make the produ…,0,0,0,FALSE,,
262,13/08/2021,1.43E+18,evway,EV Way,Tesla Battery Supplier CATL Plans $9 Billion Share Sale to Boost Capacity,0,0,0,FALSE,,
263,13/08/2021,1.43E+18,zittiriziprit,Hedek Pampa,"“Only 30 minutes” lol, what are you guys are doing for…",0,0,0,FALSE,,
264,13/08/2021,1.43E+18,earlgraham,Glenn Earl Graham ???????????????????,This is not in the national news. WOW ??,2,0,0,FALSE,,
265,13/08/2021,1.43E+18,IbrihamTuray,$IBTU????????????,Tesla's AI tipping point is coming up | Why I am still bullish on Tesla ...  via,0,0,0,FALSE,,
266,13/08/2021,1.43E+18,wuyan20051202,Small Iraq,I hope Tesla will accept Dogecoin. I really want to own a Tesla.,0,0,0,FALSE,,
267,13/08/2021,1.43E+18,thoromyr,Black Cats,pretty sure he's just trolling,1,0,0,FALSE,,
268,13/08/2021,1.43E+18,weijgenberger,bill eijgenberger,Tesla Stock Price and Forecast: Why is TSLA stock going up? Charged for test of $780,0,0,0,FALSE,,
269,13/08/2021,1.43E+18,roo_44,Roo_44,Like a poorly built Tesla.,0,0,0,FALSE,,
270,13/08/2021,1.43E+18,pol_klo,Klo pol,"Mobileye doesnt make cars, nor has it the data that Tesla has. Mobileye is nowhere",0,0,0,FALSE,,
271,13/08/2021,1.43E+18,DevinLindelof,D-ROCK,Someone needs to invent a company that prints a vinyl film to cover all of those pieces. I know it’s i…,0,0,0,FALSE,,
272,13/08/2021,1.43E+18,nareshnarayan19,naresh narayan,"And while they troll Tesla like tigers, they default on govt debt…",1,0,0,FALSE,,
273,13/08/2021,1.43E+18,DuronicMormon,Travis,Yes Tesla made the silly mistake of assuming people were smart enough to not just look at the…,0,0,0,FALSE,,
274,13/08/2021,1.43E+18,wuyan20051202,Small Iraq,I hope Tesla will accept dogecoin,0,0,0,FALSE,,
275,13/08/2021,1.43E+18,Chrysto,Chrysto,"Love that you got 420likes ??

PS: thank you for the support and the…",2,0,0,FALSE,,
276,13/08/2021,1.43E+18,ayeyochill,Ayeyochill,Get a Tesla especially in Northern VA and DC,0,0,0,FALSE,,
277,13/08/2021,1.43E+18,LaxaleJacques,Jacques laxale,"Excellent, can't wait to buy my Tesla with BabyDoge coin soon,to Mars ??",1,0,0,FALSE,,
278,13/08/2021,1.43E+18,dwalster22,der Dwalster,What are these for? Stores? Test Production?,1,0,0,FALSE,,
279,13/08/2021,1.43E+18,By_JackRoberts,Jack Roberts,"Good news!
(For me, anyway.)
My  Truck Tech blog is back!
In this installment, a look at Tesla’s trouble…",1,0,0,FALSE,,
280,13/08/2021,1.43E+18,evway,EV Way,Tesla China R&amp;D Center To Go Online Soon: $25K Car Coming?,0,0,0,FALSE,,
281,13/08/2021,1.43E+18,Jayakumar_Tesla,??A Jayakumar MPhil?? ????????????,Congratulations ????#Tesla #ElonMusk,0,0,0,FALSE,,
282,13/08/2021,1.43E+18,STEVEN04821672,STEVEN,TESLA AND DOGECOIN ?? ARE THE FUTURE ?? ??,2,0,0,FALSE,,
283,13/08/2021,1.43E+18,Khamlic10469334,Khamlichi ????,"Oh yeah the Tesla fanboy ?? No we both follow the verge.
Well that sucks. I have the GW acti…",0,0,0,FALSE,,
284,13/08/2021,1.43E+18,Kasibert1,Martin Kleiber,Takes way more energy to split molecule than…,0,0,0,FALSE,,
285,13/08/2021,1.43E+18,Symbology,Allen,American corporations have exploited their workers for centuries.  With…,0,0,0,FALSE,,
286,13/08/2021,1.43E+18,JustinMallais,Justin Mallais,Are you sure about this?,0,0,0,FALSE,,
287,13/08/2021,1.43E+18,littleprinceJD,MainStreet?itcoin (MSB)??,"Can Bitcoin Usher In An Era Of World Peace? 

#Bitcoin #elsalvador #crypto #hodl #usd…",0,0,1,FALSE,,
288,13/08/2021,1.43E+18,Cryptoe26648948,Crypto enthusiast,Did that come with ur new Tesla???,0,0,0,FALSE,,
289,13/08/2021,1.43E+18,STEVEN04821672,STEVEN,TESLA AND DOGECOIN ARE THE FUTURE! WOOF WOOF ?????????????,3,0,0,FALSE,,
290,13/08/2021,1.43E+18,vincentliberta2,Vincent Arguimbau,"Despite one in million odds, Tesla's capitalization reached orbit with a secure capital base for it to thrive but H…",0,0,0,FALSE,,
291,13/08/2021,1.43E+18,pritchetttome,bre,why u wearing a tesla hat in the Hyundai bro no one is fooled,0,0,0,FALSE,,
292,13/08/2021,1.43E+18,ramacvr,RM,Wouldn’t it be hilarious  if Tesla model 2 is called model  Q  instead,0,0,0,FALSE,,
293,13/08/2021,1.43E+18,ChrisLiMRX3,C-MRX-3711 ?,You have no clue how much I understand that.  Its crazy how closed off some can be.,0,0,0,FALSE,,
294,13/08/2021,1.43E+18,HardyFuture,Hardy,W…,1,0,0,FALSE,,
295,13/08/2021,1.43E+18,maxwiethe,Max Wiethe,I’m 90% sure he never shorted Tesla. If Muddy Waters or one of the research shops didn’t go activi…,0,0,0,FALSE,,
296,13/08/2021,1.43E+18,Doggie_wumpus,Doggiewumpus,Not that I want to fan the fires of this stupid Levine vs Tesla war. But reservations are the…,1,0,0,FALSE,,
297,13/08/2021,1.43E+18,Ironman_E,Eric,It’s the fu-ture??,0,0,0,FALSE,,
298,13/08/2021,1.43E+18,Hedge_Your_Risk,RiskHedge,"#JoeBiden recently signed an executive order for half of all new car sales in America to be electric by 2030.
This…",0,0,0,FALSE,,
299,13/08/2021,1.43E+18,JohnnaCrider1,Johnna Crider,Tesla’s Lowest Priced Model 3 Is Sold Out For Rest Of 2021 In USA,20,0,3,FALSE,,
300,13/08/2021,1.43E+18,Duuknukem,DuukB,could tesla become a driving school with tesla auto pilot becoming the driving teacher? Asking for my future kids,0,0,0,FALSE,,
301,13/08/2021,1.43E+18,bigo93,TPONN ??? SuperStraight ????,"“Definitely it’s an opportunity missed for Tesla and an opportunity gained for European manufacturers.”

The EU is…",0,0,0,FALSE,,
302,13/08/2021,1.43E+18,yELLOW87603597,yELLOW,"have you consider investigate Nano technology and applying it to Tesla? If yes, I would recommend using…",0,0,0,FALSE,,
303,13/08/2021,1.43E+18,STEVEN04821672,STEVEN,TESLA AND DOGECOIN ?? ARE THE FUTURE ?? ??,2,0,0,FALSE,,
304,13/08/2021,1.43E+18,CuervoBorracho,Cuervo “Master of Corvid”,He’s going to change his title to something like…,0,0,0,FALSE,,
305,13/08/2021,1.43E+18,JBH212,Taffman,"Hi. I ordered my Tesla Model 3 about 2 years ago, when Tesla changed the default colour from black to…",0,0,0,FALSE,,
306,13/08/2021,1.43E+18,RevManda,Manda Adams,"I agree it’s completely ludicrous, but there was plenty of panic about the electrical age. The Tesla-…",0,0,0,FALSE,,
307,13/08/2021,1.43E+18,PaulArYFin,Paul,"The existential question for EV charger placement is ""Do people charge when they've stopped or do they stop when th…",0,0,0,FALSE,,
308,13/08/2021,1.43E+18,TeslaOwnersZA,Tesla Owners South Africa,Driving from Cape Town to Polokwane with 0 disengagements. ??,0,0,0,FALSE,,
309,13/08/2021,1.43E+18,carwisdombot,Car Culture Wisdom,"Choose the Tesla instead of silver, a car payment rather than choice gold.",0,0,0,FALSE,,
310,13/08/2021,1.43E+18,thevoltmonkey,VOLT MONKEY ????,"Road trips anywhere in Europe are cheap and convenient with an EV. As an example, here is the Tesla Supercharger Ne…",0,0,0,FALSE,,
311,13/08/2021,1.43E+18,garylin03,???,"Nio ET7 winter test in new zealand??
#nio #Tesla",1,0,0,FALSE,,
312,13/08/2021,1.43E+18,wilfriedkaiser,Wilfried Kaiser,"Next time better meet   At least she is green, albeit possibly a bit too far left to get  Tesla…",0,0,0,FALSE,,
313,13/08/2021,1.43E+18,lfxs1212,LFXS,so an increase in M…,1,0,0,FALSE,,
314,13/08/2021,1.43E+18,wanda_hudson,Wanda Hudson,Mudflaps and tequila,2,0,0,FALSE,,
315,13/08/2021,1.43E+18,Dirty_Water,Jim@LakeGaston™,"Ok, when I buy two BC for $20K, wait two years, and buy a Model S with the two BC, who repor…",0,0,0,FALSE,,
316,13/08/2021,1.43E+18,r_felice,Ron Felice,Tesla's Musk hopes to make first cars at German plant in Oct.,0,0,0,FALSE,,
317,13/08/2021,1.43E+18,WagnerA51422409,The best!,"The best MEME in moment!

 to the moon! ????????????????",2,0,0,FALSE,,
318,13/08/2021,1.43E+18,Ironman_E,Eric,,0,0,0,FALSE,,
319,13/08/2021,1.43E+18,transformatik,Stephan K. ?????? #Pigoneer,I’m sure  is aware that he basically deals with GOP when talking to CDU. Really…,1,0,0,FALSE,,
320,13/08/2021,1.43E+18,TonyFar82340414,Tony Farrell,"Sorry sir, storing and transporting is not the goal.  goal is to convert on the fly.  not storage.",0,0,0,FALSE,,
321,13/08/2021,1.43E+18,NathReddy1,Nath Reddy,"Hi Elon, congratulations and thank you for your plans to expand Tesla to Indian shores. My hum…",0,0,0,FALSE,,
322,13/08/2021,1.43E+18,MilMileBattery,2X Mil Mile Battery ~ Ryan,Can anyone guess what was in the box? Shipment from,7,0,0,FALSE,,
323,13/08/2021,1.43E+18,manwithapoodle,Man with ??,Maybe #Laschet thought that #Tesla build #Hydrogen cars. The guy was simply briefed incorrectly. #LaschetVerhindern #LaschetHatKeineAhnung,0,0,0,FALSE,,
324,13/08/2021,1.43E+18,UniqueImagesAus,Unique Images Australia,"Thank you, I have encouraged many a tesla owner ????",0,0,0,FALSE,,
325,13/08/2021,1.43E+18,WillingAndreT,?? Iceberg Slim Simp ??,Tesla's delete road-rage,0,0,0,FALSE,,
326,13/08/2021,1.43E+18,rohan_craig,Makar with the break away.,Those ranges really don't seem competitive for 2021 models. My 2018 LR RWD Model 3 goes low…,0,0,0,FALSE,,
327,13/08/2021,1.43E+18,teodorgxg,TigerTenCrypto #GG33,When solar panel body for tesla to self charge?,0,0,0,FALSE,,
328,13/08/2021,1.43E+18,BigBags83,DogeOrDie,I hope so I really want a Tesla Elon,0,0,0,FALSE,,
329,13/08/2021,1.43E+18,itselectrictv,It's Electric,We all do. ??,1,0,0,FALSE,,
330,13/08/2021,1.43E+18,S100Dfan,Boonedocks,I would love to be able to respond BUT my 1/1/21 MS LR blk/blk 19” order is still…,0,0,0,FALSE,,
331,13/08/2021,1.43E+18,vela_cel,Vela Cel ????,"That's not the issue... It's the size of the ego.
Pray for better weathe…",0,0,0,FALSE,,
332,13/08/2021,1.43E+18,ravneetd,Ravneet,Get ready your get it TOWED soon,0,0,0,FALSE,,
333,13/08/2021,1.43E+18,davidlnovak,David Novak,"It's not enough for subscription services to just sell products. Find out how companies are innovating to attract,…",0,0,0,FALSE,,
334,13/08/2021,1.43E+18,AmirR3zaM,Amirreza Mohammadi,"Are you looking for a JOB?
confirmed companies include Apple, IBM, Capital One, Goldman Sachs, Tesla, Vori Health,…",0,0,0,FALSE,,
335,13/08/2021,1.43E+18,Madman93131983,Madman,Lfg boys,1,0,0,FALSE,,
336,13/08/2021,1.43E+18,Reuters,Reuters,Tesla's Musk hopes to make first cars at Berlin plant in Oct,109,0,24,FALSE,,
337,13/08/2021,1.43E+18,nrao17aug,Naresh# Indian Scientist ----/-\----????????,Can we make pocket batteries to run EV s??,0,0,0,FALSE,,
338,13/08/2021,1.43E+18,jaredjeya,Jared Jeyaretnam ????,"I don’t have £18.5k to spare, most Londoners don’t. Nor a place to park either at ho…",1,0,0,FALSE,,
339,13/08/2021,1.43E+18,businessline,Business Line,"India wants #Tesla sourcing plans, roadmap before any tax breaks; Here are the details",6,0,1,FALSE,,
340,13/08/2021,1.43E+18,Timboc21,Tim Christensen,BEVs have already won the war. All the other manufacturers are scrambl…,0,0,0,FALSE,,
341,13/08/2021,1.43E+18,MBrae3,MBrae,"$TSLA winnings of initial #BTC investment??

$440866029 (32.66 %) (Realized: 272 M)
(Estimating an average buy price…",1,0,0,FALSE,,
342,13/08/2021,1.43E+18,DayTradersGroup,Day Traders Group,"$TSLA ?? Sweep Alert

238 x JUN22 1000 CALLS = $1M

Premium: $50.50 Calls near the ask

Open Interest: 8,081

Spot P…",0,0,0,FALSE,,
343,13/08/2021,1.43E+18,NInfotel,Nectar Infotel,The Sci-fi movies we see on our TV screens might soon be a reality as Elon Musk is planning to launch a satellite t…,1,0,0,FALSE,,
344,13/08/2021,1.43E+18,AOberbaum,Tom Oberbaum,"""But dear Mister Elon, I don't understand one thing: Where exactly is the coal now being burned here?""

#Musk…",1,0,1,FALSE,,
345,13/08/2021,1.43E+18,Ziyaggy,Ziyaad Mohomed,Any chance of seeing Tesla's on South African ???? roads in 2022?,1,0,1,FALSE,,
346,13/08/2021,1.43E+18,flashbary,Barry Allen ??,"I agree, no sense at all. Only industrial applications make sense",0,0,0,FALSE,,
347,13/08/2021,1.43E+18,28delayslater,??Earl of Frunkpuppy??,Unprotected left is when you need to make a left across traffic with no traffic signals…,2,0,0,FALSE,,
348,13/08/2021,1.43E+18,SteveOnBeach,SRH,So Socialist Biden will subsidize Tesla and all EV’s but life saving drugs not allowed to survive. ??$xbi Dumb logic.,0,0,0,FALSE,,
349,13/08/2021,1.43E+18,McLewelin4,Dario Cecchini (VGX Hero Colosuss),how many (cheapies) can I fit in a tesla ????,5,0,0,FALSE,,
350,13/08/2021,1.43E+18,dcwickedestcity,????Vaquero????,There is a back up protocol to shoot the Tesla into outer space when they catch on fire.  The company…,0,0,0,FALSE,,
351,13/08/2021,1.43E+18,Wuilia_,Wuilia moves with you ??,"For now, his in the Electrical market later in the hydrogen one, for sure.",0,0,0,FALSE,,
352,13/08/2021,1.43E+18,MichaelRingwal1,Michael Ringwald,Investors would trust Volo and Tesla over Nikola.  How can a dick head like Trevor sell his shares whe…,0,0,0,FALSE,,
353,13/08/2021,1.43E+18,robobaby8,robobaby,id prefer the Tesla that's a nice flat surface to sit on that I could hold onto as it drove. The oth…,0,0,0,FALSE,,
354,13/08/2021,1.43E+18,radishibal,?????? ??????????,would love a big wad of cash rn ?????? throw in a tesla too pls ??????,1,0,0,FALSE,,
355,13/08/2021,1.43E+18,ward069,Mental’s TESLA,,0,0,0,FALSE,,
356,13/08/2021,1.43E+18,ChristinaNeura1,Christina,want...sorry :),0,0,0,FALSE,,
357,13/08/2021,1.43E+18,BHdotNet,crabholk.net,Agree - competitive advantage has been wasted by Tesla.. the other car man…,0,0,0,FALSE,,
358,13/08/2021,1.43E+18,Mickey_Marasca,Mick,Lol what is power storage,0,0,0,FALSE,,
359,13/08/2021,1.43E+18,bigo93,TPONN ??? SuperStraight ????,"Forget the EU!

See what they did to AstraZeneca! That's the type of treatment to expect!

The UK is fina…",0,0,0,FALSE,,
360,13/08/2021,1.43E+18,AveRain13,Kim Vladislav,"Was walking Songdo. Among all cheap KIA&amp;Hyundai Group,ur future with Blue Origin in case of winning. Elites preferr…",0,0,0,FALSE,,
361,13/08/2021,1.43E+18,Teslahodler,Tesla_Fan,"Would be funny if he said ""hydrogen ofc, this is why we build just hydrogen cars""",1,0,0,FALSE,,
362,13/08/2021,1.43E+18,getvolv,Volv ??,"?? Today’s highlights 
• #NorthTurkey flooded after #wildfires in south 
• #Tesla can #recycle 92% of battery raw ma…",1,0,0,FALSE,,
363,13/08/2021,1.43E+18,ChristinaNeura1,Christina,"I don't ant to have hydrogen or gas in the car - it's dangerous, not good :)",0,0,0,FALSE,,
364,13/08/2021,1.43E+18,BellaCryptoLA,?Bella | Crypto ??????,"Retweet to all!

 Why #Dogecoin still not accepted in  Online Store if the  alredy support…",2,0,2,FALSE,,
365,13/08/2021,1.43E+18,tesla_adri,Tesla_Adri,Protective wrap,1,0,0,FALSE,,
366,13/08/2021,1.43E+18,BlayzyYT,Blayzy,"Hello Bourgist could you add in the next update cars of the company Tesla motors such as Tesla model X, T…",0,0,0,FALSE,,
367,13/08/2021,1.43E+18,PeyoteFRANK,??,And no ones talking about how China sent spy’s to work at Tesla and they stole all his information and Elon musk can’t do shit about it,0,0,0,FALSE,,
368,13/08/2021,1.43E+18,ThinkerOfStock,Thinker,I wish he'd talk about how this is being ignored too! It should've sent $AMC ?? like it d…,0,0,0,FALSE,,
369,13/08/2021,1.43E+18,Baapofgoogle,Chellam siR,"But what about tata motor and tata power upcoming days ? 
What about current results?
They…",0,0,0,FALSE,,
370,13/08/2021,1.43E+18,Craigster771,Dogs&Viruses,"No, she bought it on the day when Gilead announced they were testing rem for Co…",0,0,0,FALSE,,
371,13/08/2021,1.43E+18,twilliam223,William T.,"Sorry Neil wasnt taught this stuff about Tesla, the mad scientist. Look up Edison instead. Hes more mainstream",0,0,0,FALSE,,
372,13/08/2021,1.43E+18,PortCitySaint1,PortCitySaint,Nikola Tesla will always be a favorite,0,0,0,FALSE,,
373,13/08/2021,1.43E+18,bitcoin82926764,bitcoinzzz,We need a 20k Tesla to rule them all,3,0,0,FALSE,,
374,13/08/2021,1.43E+18,Jeff1601,Jewgenij Leube,Formula E closes out the season this weekend in Berlin #tesla #eCar,0,0,0,FALSE,,
375,13/08/2021,1.43E+18,Commuternyc,Commentator,"Tesla concealed structural damage on a used Model S it sold in China and must compensate the car's buyer, a Beijing…",1,0,0,FALSE,,
376,13/08/2021,1.43E+18,DR0N3L0RD,DR0N3L0RD - IFTTTester~ Acount,Elon at it again: How the Twisted Childhood of Elon Musk Changed The World Forever | Goalcast…,1,0,1,FALSE,,
377,13/08/2021,1.43E+18,piz_aza,Julian ??,"Yeah it's stupid

And it's not like they don't have the resources or technology

Tesla coul…",2,0,0,FALSE,,
378,13/08/2021,1.43E+18,blueskyblackorb,Alt_Indent,Are you interested in Nikolas Tesla real history? Do you already know it?,0,0,0,FALSE,,
379,13/08/2021,1.43E+18,Avikl7,Vinnie,"Because batteries have a finite life, produce emissi…",0,0,0,FALSE,,
380,13/08/2021,1.43E+18,anthonyisonline,Anthony Smith,"$815 ish. Hindsight- a beautiful thing ??

Fair play for posting this. 

Too much Tesla boasting on…",1,0,0,FALSE,,
381,13/08/2021,1.43E+18,AnuragM96771668,Anurag Mehra,"Failure is the option.
 
#cryptocurrency Tesla #ElonMusk #learnwithelonmusk 
#elonmusklegend",1,0,0,FALSE,,
382,13/08/2021,1.43E+18,cristibmw,evSupporter?,No chrome delete?,0,0,0,FALSE,,
383,13/08/2021,1.43E+18,ElPanardi,Tony P,"Yup. Bought Tesla at 6.4, sold at 8.4 with a fist pump a few months later. At the time made perfect sense.",1,0,0,FALSE,,
384,13/08/2021,1.43E+18,inevitable360,inevitable,"Retweet to all!

 Why #Dogecoin still not accepted in  Online Store if the  alredy support…",6,0,3,FALSE,,
385,13/08/2021,1.43E+18,Commuternyc,Commentator,"Tesla Ordered to Pay Used Model S Buyer $175,000 for Hiding Damage This didn’t help China sales $tsla $tslaq #telsa",0,0,0,FALSE,,
386,13/08/2021,1.43E+18,qorribbb_,Qorribbb_,Im fallin love with tesla now??,0,0,0,FALSE,,
387,13/08/2021,1.43E+18,skjelvik_thomas,Thomas Skjelvik,"Will Tesla make electric buses ever? Oslo is in need of actual long range, air-conditioned electric buses (sry BYD)",0,0,0,FALSE,,
388,13/08/2021,1.43E+18,deliaroma8,Deli Aroma,I still think highly of VW instead of Tesla,0,0,0,FALSE,,
389,13/08/2021,1.43E+18,PJHORNAK,pjhornak,?????? Welp we know he’s afraid to race a Tesla and if you ask him to he’ll bloc…,3,0,0,FALSE,,
390,13/08/2021,1.43E+18,will_hessert,Will Hessert,Also a good call. Electrofuels and biofuels are currently the best candid…,0,0,0,FALSE,,
391,13/08/2021,1.43E+18,skjelvik_thomas,Thomas Skjelvik,"Will Tesla make electric buses ever? Oslo is in need of actual long range, air-conditioned electric buses (sry BYD)",0,0,0,FALSE,,
392,13/08/2021,1.43E+18,mikebertelsen,Mike Bertelsen,Musk noted that the company has already disclosed that it is operating under extreme supply chain limitations.…,0,0,0,FALSE,,
393,13/08/2021,1.43E+18,broadscaler,Daniel Aharonoff,"Tesla says Tesla Semi electric truck’s weight is on point, and that’s crucial: Tesla made a rare comment about the…",0,0,0,FALSE,,
394,13/08/2021,1.43E+18,USABestElectric,Best Electric USA,"Tesla says Tesla Semi electric truck’s weight is on point, and that’s crucial",0,0,0,FALSE,,
395,13/08/2021,1.43E+18,Pedro72Monteiro,Pedro Monteiro,Elon and his twisted sense of humor ??,6,0,0,FALSE,,
396,13/08/2021,1.43E+18,AkashGa72561338,Akash Garg,"Shame on  , Have been visiting the Samsung service center and calling the Samsung complaint no. and ti…",0,0,0,FALSE,,
397,13/08/2021,1.43E+18,orthereaboot,luis carruthers,"Thanks. My life would be easier if I were wrong here. If I am, this thread isn’t it-  it’s…",0,0,0,FALSE,,
398,13/08/2021,1.43E+18,2ndLifeOnline,UK Competitions & Raffles,"Enter for your chance to win a Tesla Model X car

Click on the ""click here for alternate entry method""…",0,0,0,FALSE,,
399,13/08/2021,1.43E+18,EsperJohnathan,Johnathan A Esper,"Tesla news: BERLIN, Aug 13 (Reuters) - Tesla Chief Executive Elon Musk said on Friday he hopes to make the first ca…",0,0,0,FALSE,,
400,13/08/2021,1.43E+18,ItzPerka,ItzPerka,"Season 5 is great!

- Death Perception is a top 3 perk for me.
- Grappling Hook makes me feel like Spider-Man
- Max…",1,0,0,FALSE,,
401,13/08/2021,1.43E+18,Alien6_nft,ALieN6,"?????? It’s Friday the 13th ??????

I’m already lit bc I woke to sale on one of my original collections. 

• NFT SILLY SC…",5,0,0,FALSE,,
402,13/08/2021,1.43E+18,tmucecr1,tmucecr,A real pioneer for Tesla ~,0,0,0,FALSE,,
403,13/08/2021,1.43E+18,deals_canada,Canada Deals & Offers,"Enter for your chance to win a Tesla Model X car

Click on the ""click here for alternate entry method""…",0,0,0,FALSE,,
404,13/08/2021,1.43E+18,teslaP3D,Tesla3Performance,That’s NOT THE Y WHO WILL DEMOLISH LEGACY sales ??.,2,0,0,FALSE,,
405,13/08/2021,1.43E+18,Ironman_E,Eric,,0,0,0,FALSE,,
406,13/08/2021,1.43E+18,Raff_Perf,Raffaele Perfetto,"To boost growth #CATL is planing 9$ billion share sale. 
It provides #batteries for Tesla and to Chinese EV makers…",0,0,0,FALSE,,
407,13/08/2021,1.43E+18,ComatosePodcast,Comatose Podcast,I can always say I'm sorry.'   #apologies,0,0,0,FALSE,,
408,13/08/2021,1.43E+18,JakeRStephens,Jake Stephens,Clearly not a model Y,6,0,0,FALSE,,
409,13/08/2021,1.43E+18,Cascito_,Satyam Raj,What happen in future will be breakthrough in battery t…,0,0,0,FALSE,,
410,13/08/2021,1.43E+18,ICEH_Energy,ICE-H Energy ?,Tesla driving test hell: How DMV examiners’ biases are inhibiting the EV transition,0,0,0,FALSE,,
411,13/08/2021,1.43E+18,will_hessert,Will Hessert,Passenger cars are fine with battery electric drivetrains. The tech i…,0,0,0,FALSE,,
412,13/08/2021,1.43E+18,robertojirusta,R.J.,"Musk hopes for Tesla Berlin production to start in October
See more on",0,0,0,FALSE,,
413,13/08/2021,1.43E+18,TheTeslaLife,TheTeslaLife,#Tesla driving test hell: How DMV examiners’ biases are inhibiting the #EV transition,3,0,1,FALSE,,
414,13/08/2021,1.43E+18,PatrickGlen,Patrick Glen,,0,0,0,FALSE,,
415,13/08/2021,1.43E+18,franjapaviapa,Fran Javier Pavía,"#thelunchtimeshow    Elon Musk, Tesla estás jugando, working so many hours a day; even…",0,0,0,FALSE,,
416,13/08/2021,1.43E+18,KendallBillman,Kendall Billman,Tesla's Musk hopes to make first cars at German plant in Oct.  via,2,0,1,FALSE,,
417,13/08/2021,1.43E+18,01stocksavage,Alex Kassebaum,should i cover my tesla short?,0,0,0,FALSE,,
418,13/08/2021,1.43E+18,MARAKACCHI,KingKacchi,"SEASON 5 WEAPONS EM2, TEC-9 &amp; CANE | DEATH PERCEPTION &amp; TESLA STORM (BLA...  via",0,0,0,FALSE,,
419,13/08/2021,1.43E+18,haizzstylezz,duda | au emisue,hawking e tesla,0,0,0,FALSE,,
420,13/08/2021,1.43E+18,marketstodays,Markets Today,Tesla’s Chinese battery supplier plans US$9 billion placement in world’s fourth-largest stock sale this year amid E…,1,0,0,FALSE,,
421,13/08/2021,1.43E+18,Commuternyc,Commentator,Tesla Loses Money On Every Single Car: Here's Where The Profit Hides Regulatory credits which are slip sliding away…,2,0,0,FALSE,,
422,13/08/2021,1.43E+18,TheArticleTrunk,TheArticleTrunk,Tesla’s Musk hopes to make first cars at German plant in Oct.,0,0,0,FALSE,,
423,13/08/2021,1.43E+18,DOfaquarius,??DOfAquarius,"&amp;, being me, an image of Elon Musk as a pink marshmallow sprang to mind.

&amp; I wondered...how would one create a Mus…",0,0,0,FALSE,,
424,13/08/2021,1.43E+18,pisces_is_love,@piscesislove,"If you want to discover the secrets of the universe, think in terms of energy, frequencies and vibrations. - Nikola…",0,0,0,FALSE,,
425,13/08/2021,1.43E+18,Zxcxz_xyz,= j 0 F f =,"Tesla says Tesla Semi electric truck’s weight is on point, and that’s crucial …",0,0,0,FALSE,,
426,13/08/2021,1.43E+18,HamzaHamama1,Hamza Hamama,Sad to hear!..I believe you a Pioneer?..but the search for profits remains your o…,0,0,0,FALSE,,
427,13/08/2021,1.43E+18,Suuded,Suuded,"Please,  next time you talk to a German chancellor candidate, let it be   a…",0,0,0,FALSE,,
428,13/08/2021,1.43E+18,Travis_Auty,Travis Auty,"Is this you? ??

The internet? Fad. Not doing that ?????.

Cell phone???Who needs one, not me.

Amazon? I think they s…",1,0,0,FALSE,,
429,13/08/2021,1.43E+18,parrmenidies,phyron,"Meme Watch:  The “Tesla -fication""  Of Moderna.",2,0,1,FALSE,,
430,13/08/2021,1.43E+18,gay69420fag,(???),Off the tesla tweakinn and steppin,0,0,0,FALSE,,
431,13/08/2021,1.43E+18,danielb35035706,danielb,Porsche gonna stick to petrol cars as l…,0,0,0,FALSE,,
432,13/08/2021,1.43E+18,newyork_angelo,New York Angelo,SHORT SELLER - I WAS WRONG  via  #AMCSqueeze #GMESQUEEZE #amcshortsqueeze #AMCARMY #AMCAPES #Tesla,4,0,2,FALSE,,
433,13/08/2021,1.43E+18,MichaelJConyers,Mike Conyers,Delivery and execution - that's what Tesla specialises in more than any other company,0,0,0,FALSE,,
434,13/08/2021,1.43E+18,FrankWunderli13,Frank Wunderlich-Pfeiffer,"2) The energy capacity is the exact same as LFP in a Tesla 3. If you think, this is only suitable for ""Low Speed Ca…",0,0,0,FALSE,,
435,13/08/2021,1.43E+18,AyeCan2020,Dr. Terrance Jackson,has a great network!!  Doesn't she know  isn't the only viable EV anymore.  And to be…,1,0,0,FALSE,,
436,13/08/2021,1.43E+18,d1finance,D'ron Forbes | Division One Finance,Can’t spell Felon without ELON. ??,0,0,0,FALSE,,
437,13/08/2021,1.43E+18,caffeinesweats,jessie ??,bus almost smoked a tesla this morning and I'm a bit disappointed it didn't,0,0,0,FALSE,,
438,13/08/2021,1.43E+18,_VinayakShinde_,Vinayak Shinde,Growing concerns to get continuous and reliable #electricity supply to effectively execute the daily business opera…,0,0,0,FALSE,,
439,13/08/2021,1.43E+18,mariofrade,Mario Frade,,2,0,0,FALSE,,
440,13/08/2021,1.43E+18,BartStart1,Bart Start,Dont forget about the child slave laborers that supply cobalt &amp; other blood minera…,0,0,0,FALSE,,
441,13/08/2021,1.43E+18,Gielompik2,Gielompik,"Germany has vast expertise and talent in car industry sigh

The question is:What are you sm…",0,0,0,FALSE,,
442,13/08/2021,1.43E+18,jaromemorrow,Jarome Morrow,"Hydrogen Celled Cars are electric cars, but the hydrogen cell makes the electrici…",0,0,0,FALSE,,
443,13/08/2021,1.43E+18,WholeMarsBlog,Whole Mars Catalog,"Excuse me? You are a Ford executive who ostensibly gets paid to troll Tesla customers online. 

Random people messi…",129,0,7,FALSE,,
444,13/08/2021,1.43E+18,notforsalek,K,Ohhh kels in Tesla I c …,0,0,0,FALSE,,
445,13/08/2021,1.43E+18,gordonschuecker,The Passenger,"Well, I can already see the spin; something along the lines of ""Musk renamed Chief…",0,0,0,FALSE,,
446,13/08/2021,1.43E+18,Cascito_,Satyam Raj,"No it's not easy to store , it can leak through very very fine gap whic…",0,0,0,FALSE,,
447,13/08/2021,1.43E+18,ElectrekCo,Electrek.Co,"Tesla says Tesla Semi electric truck's weight is on point, and that's crucial  by",48,0,7,FALSE,,
448,13/08/2021,1.43E+18,domainsgeneral,DomainsGENERAL.com,"Americans are rich, so it must be more ??

I guess it must be depending a lot on WHAT you are offering. W…",1,0,0,FALSE,,
449,13/08/2021,1.43E+18,thenextjedi1,Half Measure,That steering wheel. Ugh.,0,0,0,FALSE,,
450,13/08/2021,1.43E+18,Spaceboi111,0x,Then don't buy the new teslas noone is forcing you,0,0,0,FALSE,,
451,13/08/2021,1.43E+18,IanBandklayder,Ian,How many tesla batteries have caught fire?,0,0,0,FALSE,,
452,13/08/2021,1.43E+18,LangersSnr,Langers,"No I didn't,  and you think it's OK to drive on a public road? As…",0,0,0,FALSE,,
453,13/08/2021,1.43E+18,InvestMonitorAI,Investment Monitor,"The battle is on for electric vehicle dominance in China, as international tech brands attempt to follow Tesla's le…",0,0,0,FALSE,,
454,13/08/2021,1.43E+18,JayDizz12,Jay Dizz,Gotcha,0,0,0,FALSE,,
455,13/08/2021,1.43E+18,MotoringChat,Motoring Chat,Tesla's Musk hopes to make first cars at German plant in Oct.,0,0,0,FALSE,,
456,13/08/2021,1.43E+18,SoftwareReport1,The Software Report,"Major  Software Update Adds Disney+ and Other Features

Sign up for free weekly email newsletter at…",1,0,0,FALSE,,
457,13/08/2021,1.43E+18,CleanDisruptor,Kris,"Tesla's goal is always to source locally.
But they also iterate and adjust quickly when better optio…",1,0,0,FALSE,,
458,13/08/2021,1.43E+18,iamMonac0,???,I still want to see it do a 3 Point turn on a European street quickly,0,0,0,FALSE,,
459,13/08/2021,1.43E+18,roedoran,roe doran,"How about inviting Jeremy Clarkson, Richard Hammond and James May to Tesla to test out all cars? You could finally…",0,0,0,FALSE,,
460,13/08/2021,1.43E+18,cheerio46,Maureen O'Mahoney,"Tesla uses blockchain for sustainable sourcing of cobalt, nickel - Ledger Insights - enterprise blockchain",0,0,0,FALSE,,
461,13/08/2021,1.43E+18,_nipz_,Felix Alberto,"The way these gas prices are heading, I can afford a Tesla Model X at this point.",1,0,0,FALSE,,
462,13/08/2021,1.43E+18,DirtyTesla,DirtyTesla,With the amount of energy in a power wall a TV is pretty insignificant,0,0,0,FALSE,,
463,13/08/2021,1.43E+18,jgmartn,James,Most fuel cell designs still include batteries between the cell and d…,0,0,0,FALSE,,
464,13/08/2021,1.43E+18,ThinkerOfStock,Thinker,Can you talk about WTH $AMC did Not ?? after this was announced bc it should have! Just like it did for…,3,0,0,FALSE,,
465,13/08/2021,1.43E+18,nerdalator,corey cummings,I met a guy with one said he loves it. He never drove a Tesla but just the fact that it’s an EV and…,0,0,0,FALSE,,
466,13/08/2021,1.43E+18,AlbaniaHub,Car Hub Albania,0tvvvf.co.uk/nvfv FFews/science/1476378/elon-musk-germany-berlin-tesla-factory-delay-red-tape-br…,0,0,0,FALSE,,
467,13/08/2021,1.43E+18,yensitch,D???Y,Guy on a Zoom meeting on his laptop while driving around town in his Tesla,0,0,0,FALSE,,
468,13/08/2021,1.43E+18,patentbuddy,PatentBuddy,How does the “Tesla of biotech” compare with Tesla?  via,0,0,0,FALSE,,
469,13/08/2021,1.43E+18,michrismason,Mike Mason,EV firms are moving away from cobalt. Tesla's current vehicle batteries contain less than 5% cobalt. Lith…,0,0,0,FALSE,,
470,13/08/2021,1.43E+18,AutonomyGeek,AutonomyGeek,Tesla Model 3P Puts Up A Good Fight Against Porsche Taycan Turbo S,0,0,1,FALSE,,
471,13/08/2021,1.43E+18,EricCra70659741,Eric Craig,"We just need the Joe average one so the rest of us can afford a one,hopefully the build will be fo…",0,0,0,FALSE,,
472,13/08/2021,1.43E+18,InsideEVs,InsideEVs,Tesla Model 3P Puts Up A Good Fight Against Porsche Taycan Turbo S  via,4,0,0,FALSE,,
473,13/08/2021,1.43E+18,AjayStfc,Ajay Tiwari,Tesla Battery Supplier CATL Plans $9 Billion Share Sale to Boost Capacity,0,0,0,FALSE,,
474,13/08/2021,1.43E+18,Teslaconomics,Teslaconomics,"Execution, execution execution! ??

$TSLA #Tesla",122,0,13,FALSE,,
